playerId,season,name,team,position,situation,games_played,icetime,xGoals,goals,unblocked_shot_attempts,xRebounds,rebounds,xFreeze,freeze,xOnGoal,ongoal,xPlayStopped,playStopped,xPlayContinuedInZone,playContinuedInZone,xPlayContinuedOutsideZone,playContinuedOutsideZone,flurryAdjustedxGoals,lowDangerShots,mediumDangerShots,highDangerShots,lowDangerxGoals,mediumDangerxGoals,highDangerxGoals,lowDangerGoals,mediumDangerGoals,highDangerGoals,blocked_shot_attempts,penalityMinutes,penalties
8478048,2023,Igor Shesterkin,NYR,G,other,15,1608.0,2.53,0.0,53.0,1.75,4.0,4.62,0.0,21.59,21.0,0.67,1.0,13.13,16.0,6.22,9.0,2.42,20.0,5.0,4.0,0.74,0.54,1.25,0.0,0.0,0.0,24.0,0.0,0.0
8478048,2023,Igor Shesterkin,NYR,G,all,15,52389.0,46.89,40.0,926.0,32.62,58.0,116.12,18.0,475.23,450.0,15.39,2.0,255.56,287.0,183.48,242.0,44.39,472.0,124.0,55.0,13.52,15.18,18.2,11.0,16.0,13.0,275.0,2.0,1.0
8478048,2023,Igor Shesterkin,NYR,G,5on5,15,41439.0,29.8,28.0,697.0,22.85,40.0,91.2,14.0,357.1,338.0,11.34,1.0,190.37,216.0,141.62,185.0,28.6,370.0,87.0,31.0,9.95,11.03,8.82,10.0,11.0,7.0,209.0,2.0,1.0
8478048,2023,Igor Shesterkin,NYR,G,4on5,15,5112.0,13.06,10.0,147.0,7.09,13.0,17.34,4.0,78.11,72.0,0.38,0.0,44.97,48.0,23.83,33.0,12.0,64.0,26.0,19.0,2.27,2.96,7.83,1.0,3.0,6.0,38.0,0.0,0.0
8478048,2023,Igor Shesterkin,NYR,G,5on4,15,4230.0,0.79,2.0,20.0,0.51,0.0,1.62,0.0,12.66,14.0,2.94,0.0,3.95,2.0,9.7,13.0,0.77,13.0,4.0,0.0,0.3,0.48,0.0,0.0,2.0,0.0,3.0,0.0,0.0
8477967,2023,Thatcher Demko,VAN,G,other,19,2067.0,5.58,2.0,49.0,2.19,6.0,5.21,0.0,27.81,23.0,0.73,1.0,13.53,17.0,9.43,12.0,5.09,17.0,12.0,8.0,0.64,1.63,3.31,0.0,0.0,2.0,12.0,0.0,0.0
8477967,2023,Thatcher Demko,VAN,G,all,19,67310.0,56.14,46.0,1056.0,40.01,68.0,136.61,30.0,566.13,555.0,19.31,4.0,301.86,350.0,222.77,281.0,53.74,566.0,136.0,75.0,15.32,17.25,23.57,13.0,13.0,20.0,279.0,0.0,0.0
8477967,2023,Thatcher Demko,VAN,G,5on5,19,53611.0,38.92,31.0,805.0,28.42,52.0,109.61,23.0,430.2,414.0,14.68,3.0,227.52,264.0,171.68,219.0,37.75,442.0,99.0,50.0,12.11,12.63,14.17,13.0,8.0,10.0,214.0,0.0,0.0
8477967,2023,Thatcher Demko,VAN,G,4on5,19,5438.0,9.96,13.0,173.0,8.53,9.0,19.0,7.0,89.49,100.0,0.45,0.0,54.53,61.0,27.96,33.0,9.27,89.0,20.0,14.0,2.21,2.54,5.21,0.0,5.0,8.0,50.0,0.0,0.0
8477967,2023,Thatcher Demko,VAN,G,5on4,19,6194.0,1.69,0.0,29.0,0.88,1.0,2.79,0.0,18.63,18.0,3.45,0.0,6.29,8.0,13.69,17.0,1.63,18.0,5.0,3.0,0.35,0.45,0.88,0.0,0.0,0.0,3.0,0.0,0.0
8478872,2023,Karel Vejmelka,ARI,G,other,11,1140.0,3.67,5.0,31.0,1.3,2.0,3.01,1.0,17.78,18.0,0.3,0.0,8.49,7.0,5.97,8.0,3.1,8.0,9.0,6.0,0.38,1.2,2.1,3.0,1.0,1.0,8.0,0.0,0.0
8478872,2023,Karel Vejmelka,ARI,G,all,11,36555.0,29.06,35.0,606.0,21.22,26.0,77.57,15.0,322.57,323.0,8.68,1.0,175.49,188.0,131.78,178.0,27.67,337.0,84.0,25.0,9.78,10.32,8.96,14.0,11.0,10.0,160.0,0.0,0.0
8478872,2023,Karel Vejmelka,ARI,G,5on5,11,28693.0,19.52,21.0,460.0,15.3,22.0,61.91,11.0,243.74,239.0,6.69,0.0,132.07,139.0,100.92,142.0,18.89,263.0,60.0,15.0,7.45,7.46,4.61,9.0,6.0,6.0,122.0,0.0,0.0
8478872,2023,Karel Vejmelka,ARI,G,4on5,11,3081.0,5.19,7.0,99.0,4.19,2.0,11.15,3.0,50.17,54.0,0.06,0.0,31.68,42.0,17.06,16.0,5.0,55.0,12.0,4.0,1.59,1.34,2.25,1.0,3.0,3.0,28.0,0.0,0.0
8478872,2023,Karel Vejmelka,ARI,G,5on4,11,3641.0,0.68,2.0,16.0,0.43,0.0,1.5,0.0,10.89,12.0,1.63,1.0,3.26,0.0,7.83,12.0,0.68,11.0,3.0,0.0,0.36,0.32,0.0,1.0,1.0,0.0,2.0,0.0,0.0
8479979,2023,Jake Oettinger,DAL,G,other,18,2203.0,5.2,2.0,76.0,3.27,4.0,9.7,2.0,44.66,44.0,0.58,0.0,25.41,29.0,15.87,23.0,4.91,38.0,18.0,5.0,1.58,2.0,1.62,0.0,2.0,0.0,15.0,0.0,0.0
8479979,2023,Jake Oettinger,DAL,G,all,18,64749.0,51.0,48.0,1045.0,38.36,40.0,131.41,38.0,558.9,538.0,20.3,3.0,306.41,345.0,221.39,291.0,49.28,553.0,162.0,52.0,15.22,19.67,16.11,14.0,21.0,13.0,278.0,2.0,1.0
8479979,2023,Jake Oettinger,DAL,G,5on5,18,52303.0,33.26,37.0,774.0,25.7,30.0,100.01,24.0,404.12,375.0,16.05,3.0,217.19,245.0,164.51,215.0,32.44,412.0,109.0,33.0,10.83,13.5,8.93,12.0,18.0,7.0,220.0,2.0,1.0
8479979,2023,Jake Oettinger,DAL,G,4on5,18,5500.0,11.92,9.0,177.0,8.98,6.0,19.74,10.0,98.18,106.0,0.64,0.0,60.1,70.0,32.05,40.0,11.32,88.0,34.0,14.0,2.31,4.05,5.56,2.0,1.0,6.0,41.0,0.0,0.0
8479979,2023,Jake Oettinger,DAL,G,5on4,18,4743.0,0.61,0.0,18.0,0.41,0.0,1.96,2.0,11.94,13.0,3.03,0.0,3.72,1.0,8.96,13.0,0.61,15.0,1.0,0.0,0.49,0.12,0.0,0.0,0.0,0.0,2.0,0.0,0.0
8477968,2023,Alex Nedeljkovic,PIT,G,other,5,556.0,1.32,1.0,16.0,0.7,0.0,2.33,2.0,10.52,9.0,0.31,0.0,5.3,6.0,4.03,5.0,1.29,10.0,2.0,2.0,0.48,0.22,0.62,1.0,0.0,0.0,2.0,0.0,0.0
8477968,2023,Alex Nedeljkovic,PIT,G,all,5,18138.0,14.57,11.0,352.0,12.53,14.0,47.37,13.0,191.69,175.0,5.73,3.0,106.78,125.0,80.14,102.0,14.12,217.0,41.0,10.0,6.38,5.04,3.15,5.0,3.0,3.0,84.0,0.0,0.0
8477968,2023,Alex Nedeljkovic,PIT,G,5on5,5,15073.0,11.1,8.0,290.0,9.81,14.0,39.51,10.0,155.18,139.0,4.49,2.0,86.15,101.0,64.98,81.0,10.76,178.0,32.0,7.0,5.07,3.97,2.06,4.0,2.0,2.0,73.0,0.0,0.0
8477968,2023,Alex Nedeljkovic,PIT,G,4on5,5,1262.0,1.66,2.0,36.0,1.67,0.0,4.56,1.0,19.98,20.0,0.07,0.0,12.98,16.0,6.48,9.0,1.58,22.0,5.0,1.0,0.53,0.66,0.47,0.0,1.0,1.0,8.0,0.0,0.0
8477968,2023,Alex Nedeljkovic,PIT,G,5on4,5,1247.0,0.49,0.0,10.0,0.35,0.0,0.98,0.0,6.01,7.0,0.86,1.0,2.35,2.0,4.64,7.0,0.48,7.0,2.0,0.0,0.3,0.19,0.0,0.0,0.0,0.0,1.0,0.0,0.0
8476999,2023,Linus Ullmark,BOS,G,other,12,2031.0,6.09,6.0,68.0,3.7,8.0,8.63,2.0,42.0,41.0,0.96,0.0,25.13,27.0,10.94,11.0,5.48,32.0,14.0,10.0,1.34,1.77,2.97,2.0,1.0,3.0,12.0,0.0,0.0
8476999,2023,Linus Ullmark,BOS,G,all,12,42102.0,35.75,31.0,760.0,27.76,40.0,96.4,29.0,404.77,379.0,12.25,5.0,222.38,249.0,159.12,199.0,34.12,423.0,94.0,38.0,12.96,12.0,10.79,11.0,7.0,13.0,205.0,0.0,0.0
8476999,2023,Linus Ullmark,BOS,G,5on5,12,33709.0,23.55,19.0,591.0,19.36,26.0,76.51,24.0,305.38,282.0,9.0,4.0,168.03,190.0,125.27,159.0,22.88,335.0,67.0,21.0,9.85,8.52,5.18,7.0,4.0,8.0,168.0,0.0,0.0
8476999,2023,Linus Ullmark,BOS,G,4on5,12,3409.0,4.91,4.0,81.0,4.06,6.0,9.36,3.0,44.02,42.0,0.33,0.0,25.07,27.0,14.14,19.0,4.6,44.0,10.0,5.0,1.45,1.27,2.18,2.0,0.0,2.0,22.0,0.0,0.0
8476999,2023,Linus Ullmark,BOS,G,5on4,12,2953.0,1.09,2.0,17.0,0.54,0.0,1.64,0.0,12.01,14.0,1.9,1.0,3.35,5.0,8.07,8.0,1.06,10.0,3.0,2.0,0.21,0.42,0.46,0.0,2.0,0.0,2.0,0.0,0.0
8478009,2023,Ilya Sorokin,NYI,G,other,16,2060.0,4.25,9.0,71.0,2.72,4.0,8.08,5.0,38.3,36.0,0.58,0.0,21.21,18.0,14.35,16.0,4.11,37.0,10.0,5.0,1.47,1.17,1.61,3.0,2.0,4.0,19.0,0.0,0.0
8478009,2023,Ilya Sorokin,NYI,G,all,16,58638.0,54.74,52.0,1180.0,40.12,66.0,149.23,34.0,603.39,588.0,17.2,1.0,325.25,384.0,238.84,292.0,52.69,643.0,117.0,69.0,16.84,14.75,23.14,19.0,18.0,15.0,351.0,0.0,0.0
8478009,2023,Ilya Sorokin,NYI,G,5on5,16,49354.0,37.19,30.0,953.0,29.97,52.0,122.53,26.0,473.36,460.0,14.54,1.0,255.89,311.0,192.04,234.0,35.86,526.0,85.0,43.0,13.71,10.79,12.69,15.0,11.0,4.0,299.0,0.0,0.0
8478009,2023,Ilya Sorokin,NYI,G,4on5,16,3982.0,11.67,12.0,132.0,6.6,9.0,15.85,2.0,75.66,74.0,0.33,0.0,42.73,50.0,22.69,29.0,11.17,65.0,18.0,19.0,1.26,2.22,8.19,1.0,4.0,7.0,30.0,0.0,0.0
8478009,2023,Ilya Sorokin,NYI,G,5on4,16,3242.0,0.33,0.0,14.0,0.34,0.0,1.54,0.0,9.25,12.0,1.59,0.0,3.21,3.0,7.29,10.0,0.33,13.0,0.0,0.0,0.33,0.0,0.0,0.0,0.0,0.0,1.0,0.0,0.0
8477480,2023,Eric Comrie,BUF,G,other,7,467.0,0.8,2.0,8.0,0.39,1.0,1.11,0.0,5.99,7.0,0.11,0.0,3.39,2.0,2.15,3.0,0.79,5.0,2.0,1.0,0.19,0.26,0.35,0.0,1.0,1.0,0.0,0.0,0.0
8477480,2023,Eric Comrie,BUF,G,all,7,20642.0,18.23,23.0,324.0,12.8,26.0,42.98,6.0,178.0,167.0,5.99,2.0,94.34,107.0,65.59,78.0,17.61,159.0,63.0,18.0,4.46,7.84,5.93,4.0,11.0,8.0,84.0,0.0,0.0
8477480,2023,Eric Comrie,BUF,G,5on5,7,16482.0,13.14,16.0,252.0,9.12,21.0,33.72,5.0,134.39,120.0,4.89,2.0,68.78,79.0,49.78,58.0,12.72,120.0,47.0,12.0,3.42,6.0,3.72,4.0,7.0,5.0,73.0,0.0,0.0
8477480,2023,Eric Comrie,BUF,G,4on5,7,1813.0,3.72,4.0,56.0,3.01,4.0,7.3,1.0,32.84,34.0,0.08,0.0,20.48,23.0,10.25,14.0,3.52,31.0,11.0,4.0,0.78,1.31,1.63,0.0,2.0,2.0,10.0,0.0,0.0
8477480,2023,Eric Comrie,BUF,G,5on4,7,1880.0,0.57,1.0,8.0,0.29,0.0,0.85,0.0,4.78,6.0,0.91,0.0,1.68,3.0,3.41,3.0,0.57,3.0,3.0,1.0,0.07,0.28,0.22,0.0,1.0,0.0,1.0,0.0,0.0
8480280,2023,Jeremy Swayman,BOS,G,other,13,2115.0,5.1,5.0,73.0,2.97,5.0,7.68,4.0,35.62,33.0,0.59,0.0,21.62,20.0,11.18,14.0,4.47,26.0,17.0,7.0,0.76,1.94,2.4,1.0,2.0,2.0,23.0,0.0,0.0
8480280,2023,Jeremy Swayman,BOS,G,all,13,44988.0,36.05,26.0,757.0,27.37,33.0,94.28,38.0,396.95,380.0,13.77,6.0,214.38,228.0,156.43,208.0,34.21,401.0,96.0,45.0,10.27,11.97,13.81,10.0,6.0,10.0,215.0,0.0,0.0
8480280,2023,Jeremy Swayman,BOS,G,5on5,13,34404.0,23.36,16.0,559.0,18.87,25.0,73.89,28.0,294.55,279.0,10.51,6.0,157.5,172.0,119.43,157.0,22.46,314.0,63.0,26.0,8.27,8.05,7.05,8.0,3.0,5.0,156.0,0.0,0.0
8480280,2023,Jeremy Swayman,BOS,G,4on5,13,4341.0,5.86,5.0,103.0,4.81,2.0,10.57,6.0,52.35,53.0,0.42,0.0,30.77,36.0,16.33,20.0,5.57,49.0,13.0,8.0,1.01,1.58,3.27,1.0,1.0,3.0,33.0,0.0,0.0
8480280,2023,Jeremy Swayman,BOS,G,5on4,13,4128.0,1.72,0.0,22.0,0.73,1.0,2.13,0.0,14.42,15.0,2.24,0.0,4.5,0.0,9.48,17.0,1.71,12.0,3.0,4.0,0.23,0.4,1.08,0.0,0.0,0.0,3.0,0.0,0.0
8476945,2023,Connor Hellebuyck,WPG,G,other,18,1571.0,3.66,4.0,43.0,1.74,4.0,3.86,0.0,21.37,22.0,0.77,0.0,11.97,10.0,5.99,10.0,3.44,15.0,5.0,8.0,0.7,0.67,2.29,1.0,0.0,3.0,15.0,0.0,0.0
8476945,2023,Connor Hellebuyck,WPG,G,all,18,64950.0,52.21,45.0,1011.0,37.69,62.0,128.83,18.0,537.64,514.0,17.96,2.0,289.03,309.0,211.46,301.0,49.7,548.0,118.0,71.0,15.22,14.77,22.22,11.0,13.0,21.0,274.0,0.0,0.0
8476945,2023,Connor Hellebuyck,WPG,G,5on5,18,51749.0,35.57,25.0,784.0,27.17,49.0,104.3,16.0,412.23,398.0,13.92,2.0,221.03,244.0,165.2,231.0,33.87,435.0,89.0,43.0,12.37,11.24,11.95,8.0,9.0,8.0,217.0,0.0,0.0
8476945,2023,Connor Hellebuyck,WPG,G,4on5,18,5306.0,10.86,14.0,154.0,7.71,9.0,17.45,1.0,82.13,78.0,0.45,0.0,49.36,51.0,25.97,39.0,10.27,81.0,15.0,18.0,1.72,1.71,7.43,1.0,3.0,10.0,40.0,0.0,0.0
8476945,2023,Connor Hellebuyck,WPG,G,5on4,18,6324.0,1.99,2.0,29.0,1.01,0.0,3.11,0.0,21.02,15.0,2.74,0.0,6.35,4.0,13.97,21.0,1.98,17.0,8.0,2.0,0.43,1.01,0.54,1.0,1.0,0.0,2.0,0.0,0.0
8481692,2023,Dustin Wolf,CGY,G,other,2,191.0,0.53,0.0,4.0,0.26,0.0,0.61,0.0,3.18,2.0,0.0,0.0,1.56,1.0,0.91,3.0,0.53,1.0,2.0,1.0,0.01,0.21,0.31,0.0,0.0,0.0,0.0,0.0,0.0
8481692,2023,Dustin Wolf,CGY,G,all,2,5895.0,4.5,6.0,97.0,3.83,5.0,13.01,6.0,54.88,51.0,1.98,0.0,28.73,32.0,23.06,26.0,4.4,60.0,10.0,5.0,1.47,1.18,1.85,2.0,2.0,2.0,22.0,0.0,0.0
8481692,2023,Dustin Wolf,CGY,G,5on5,2,4526.0,1.43,4.0,63.0,1.69,2.0,8.71,4.0,33.56,31.0,1.67,0.0,18.23,18.0,15.78,19.0,1.43,43.0,4.0,0.0,0.97,0.46,0.0,2.0,2.0,0.0,16.0,0.0,0.0
8481692,2023,Dustin Wolf,CGY,G,4on5,2,578.0,1.97,2.0,26.0,1.71,3.0,3.29,1.0,14.98,14.0,0.02,0.0,8.15,12.0,4.38,2.0,1.86,13.0,4.0,3.0,0.36,0.51,1.1,0.0,0.0,2.0,6.0,0.0,0.0
8481692,2023,Dustin Wolf,CGY,G,5on4,2,600.0,0.57,0.0,4.0,0.17,0.0,0.4,1.0,3.17,4.0,0.29,0.0,0.79,1.0,1.98,2.0,0.57,3.0,0.0,1.0,0.14,0.0,0.43,0.0,0.0,0.0,0.0,0.0,0.0
8479312,2023,Alex Lyon,DET,G,other,5,448.0,0.71,0.0,12.0,0.36,1.0,0.94,1.0,4.65,5.0,0.11,0.0,3.06,3.0,1.69,2.0,0.69,3.0,3.0,1.0,0.11,0.31,0.28,0.0,0.0,0.0,5.0,0.0,0.0
8479312,2023,Alex Lyon,DET,G,all,5,17880.0,14.05,8.0,302.0,10.04,16.0,37.88,11.0,156.04,150.0,4.37,0.0,83.82,95.0,63.07,82.0,13.01,166.0,34.0,14.0,3.92,4.12,6.02,2.0,3.0,3.0,88.0,0.0,0.0
8479312,2023,Alex Lyon,DET,G,5on5,5,13811.0,8.45,3.0,235.0,7.67,12.0,31.02,8.0,120.94,115.0,3.01,0.0,65.64,76.0,49.25,65.0,8.01,133.0,27.0,6.0,3.36,3.37,1.73,1.0,2.0,0.0,69.0,0.0,0.0
8479312,2023,Alex Lyon,DET,G,4on5,5,1485.0,4.62,5.0,45.0,1.75,3.0,4.93,2.0,23.97,23.0,0.16,0.0,13.0,14.0,6.96,8.0,4.05,22.0,3.0,7.0,0.34,0.27,4.01,1.0,1.0,3.0,13.0,0.0,0.0
8479312,2023,Alex Lyon,DET,G,5on4,5,2136.0,0.27,0.0,10.0,0.25,0.0,0.98,0.0,6.49,7.0,1.09,0.0,2.11,2.0,5.17,7.0,0.27,8.0,1.0,0.0,0.1,0.16,0.0,0.0,0.0,0.0,1.0,0.0,0.0
8477465,2023,Tristan Jarry,PIT,G,other,19,1339.0,1.7,3.0,30.0,1.08,1.0,3.07,1.0,15.14,14.0,0.86,0.0,9.08,5.0,5.52,10.0,1.65,13.0,6.0,2.0,0.53,0.7,0.48,0.0,3.0,0.0,9.0,0.0,0.0
8477465,2023,Tristan Jarry,PIT,G,all,19,64690.0,51.75,45.0,1052.0,40.41,65.0,142.61,20.0,589.12,542.0,22.26,3.0,315.99,332.0,230.37,336.0,49.29,615.0,126.0,60.0,18.54,15.45,17.76,15.0,15.0,15.0,251.0,0.0,0.0
8477465,2023,Tristan Jarry,PIT,G,5on5,19,52459.0,37.99,30.0,826.0,30.2,54.0,116.75,15.0,465.14,436.0,18.18,3.0,248.12,266.0,185.24,267.0,36.23,498.0,94.0,42.0,14.74,11.66,11.59,13.0,8.0,9.0,192.0,0.0,0.0
8477465,2023,Tristan Jarry,PIT,G,4on5,19,5812.0,10.02,9.0,172.0,8.13,10.0,20.34,4.0,91.05,75.0,0.41,0.0,53.04,54.0,28.38,46.0,9.37,88.0,23.0,12.0,2.81,2.66,4.55,1.0,4.0,4.0,49.0,0.0,0.0
8477465,2023,Tristan Jarry,PIT,G,5on4,19,5080.0,2.04,3.0,24.0,1.0,0.0,2.46,0.0,17.79,17.0,2.82,0.0,5.75,7.0,11.23,13.0,2.04,16.0,3.0,4.0,0.46,0.42,1.15,1.0,0.0,2.0,1.0,0.0,0.0
8476434,2023,John Gibson,ANA,G,other,18,2174.0,4.09,4.0,44.0,1.73,4.0,5.33,1.0,25.61,22.0,0.63,2.0,12.76,11.0,9.11,14.0,3.12,17.0,12.0,5.0,0.54,1.38,2.17,3.0,1.0,0.0,10.0,0.0,0.0
8476434,2023,John Gibson,ANA,G,all,18,60068.0,50.67,47.0,989.0,36.93,62.0,124.92,33.0,523.69,501.0,17.15,5.0,284.0,293.0,204.68,280.0,47.74,517.0,143.0,59.0,13.73,18.13,18.8,15.0,17.0,15.0,270.0,0.0,0.0
8476434,2023,John Gibson,ANA,G,5on5,18,46725.0,34.01,29.0,707.0,24.84,45.0,93.44,22.0,374.14,361.0,13.45,3.0,198.09,208.0,151.05,207.0,32.64,379.0,90.0,45.0,10.44,11.43,12.14,7.0,14.0,8.0,193.0,0.0,0.0
8476434,2023,John Gibson,ANA,G,4on5,18,6303.0,10.73,14.0,212.0,9.61,12.0,24.27,9.0,110.02,108.0,0.59,0.0,68.63,69.0,35.96,48.0,10.17,113.0,33.0,7.0,2.54,4.12,4.07,5.0,2.0,7.0,59.0,0.0,0.0
8476434,2023,John Gibson,ANA,G,5on4,18,4866.0,1.45,0.0,20.0,0.52,1.0,1.17,0.0,10.2,8.0,2.22,0.0,2.87,2.0,6.66,10.0,1.43,5.0,6.0,2.0,0.07,0.95,0.43,0.0,0.0,0.0,7.0,0.0,0.0
8474593,2023,Jacob Markstrom,CGY,G,other,16,1949.0,2.9,2.0,50.0,1.92,1.0,5.47,0.0,25.69,16.0,0.63,1.0,14.84,17.0,8.97,15.0,2.86,23.0,9.0,3.0,0.71,1.08,1.1,0.0,0.0,2.0,15.0,0.0,0.0
8474593,2023,Jacob Markstrom,CGY,G,all,16,57455.0,49.18,47.0,907.0,35.06,59.0,116.79,38.0,491.87,451.0,18.2,7.0,257.76,275.0,188.39,242.0,47.04,469.0,136.0,59.0,13.63,16.98,18.56,20.0,14.0,13.0,243.0,0.0,0.0
8474593,2023,Jacob Markstrom,CGY,G,5on5,16,46519.0,33.69,36.0,707.0,24.99,40.0,92.03,31.0,371.95,348.0,14.46,6.0,194.31,202.0,147.23,193.0,32.3,368.0,99.0,38.0,10.73,12.43,10.52,20.0,11.0,5.0,202.0,0.0,0.0
8474593,2023,Jacob Markstrom,CGY,G,4on5,16,3924.0,9.88,6.0,122.0,7.08,15.0,16.23,5.0,74.71,73.0,0.43,0.0,42.91,51.0,21.29,23.0,9.19,67.0,21.0,12.0,1.94,2.59,5.35,0.0,2.0,4.0,22.0,0.0,0.0
8474593,2023,Jacob Markstrom,CGY,G,5on4,16,5063.0,2.08,3.0,23.0,0.79,2.0,2.38,1.0,16.43,13.0,2.59,0.0,4.36,4.0,9.95,10.0,2.06,11.0,4.0,5.0,0.25,0.5,1.32,0.0,1.0,2.0,3.0,0.0,0.0
8475809,2023,Scott Wedgewood,DAL,G,other,6,326.0,0.53,1.0,18.0,0.67,0.0,1.57,1.0,8.0,6.0,0.06,0.0,5.75,7.0,2.17,2.0,0.51,9.0,2.0,0.0,0.29,0.24,0.0,0.0,1.0,0.0,7.0,0.0,0.0
8475809,2023,Scott Wedgewood,DAL,G,all,6,21561.0,18.92,19.0,415.0,14.43,19.0,54.61,9.0,220.53,214.0,5.41,0.0,119.74,154.0,88.82,103.0,18.25,241.0,39.0,24.0,6.25,4.56,8.11,6.0,5.0,8.0,111.0,0.0,0.0
8475809,2023,Scott Wedgewood,DAL,G,5on5,6,18140.0,13.43,12.0,322.0,10.22,15.0,44.66,6.0,169.91,170.0,4.63,0.0,90.69,120.0,69.27,81.0,13.01,189.0,26.0,19.0,4.71,3.1,5.62,4.0,3.0,5.0,88.0,0.0,0.0
8475809,2023,Scott Wedgewood,DAL,G,4on5,6,1722.0,3.54,2.0,57.0,2.95,3.0,6.62,2.0,31.19,25.0,0.13,0.0,19.79,24.0,10.0,13.0,3.33,34.0,7.0,3.0,0.98,0.72,1.84,0.0,0.0,2.0,13.0,0.0,0.0
8475809,2023,Scott Wedgewood,DAL,G,5on4,6,1373.0,0.9,3.0,15.0,0.49,0.0,1.21,0.0,9.09,10.0,0.51,0.0,2.66,3.0,6.48,6.0,0.9,7.0,4.0,1.0,0.2,0.5,0.2,2.0,1.0,0.0,3.0,0.0,0.0
8470594,2023,Marc-Andre Fleury,MIN,G,other,10,762.0,0.79,0.0,18.0,0.73,1.0,2.25,0.0,9.85,11.0,0.43,0.0,6.0,6.0,3.87,7.0,0.77,12.0,2.0,0.0,0.51,0.27,0.0,0.0,0.0,0.0,4.0,0.0,0.0
8470594,2023,Marc-Andre Fleury,MIN,G,all,10,35855.0,26.21,32.0,540.0,18.98,24.0,67.02,9.0,280.96,278.0,11.04,4.0,155.45,175.0,112.78,144.0,25.16,306.0,62.0,22.0,9.38,7.73,9.11,16.0,8.0,8.0,150.0,2.0,1.0
8470594,2023,Marc-Andre Fleury,MIN,G,5on5,10,28513.0,15.76,16.0,409.0,13.16,14.0,51.5,9.0,204.5,200.0,7.51,2.0,113.98,129.0,84.63,112.0,15.33,233.0,40.0,13.0,7.12,5.0,3.65,10.0,4.0,2.0,123.0,2.0,1.0
8470594,2023,Marc-Andre Fleury,MIN,G,4on5,10,2526.0,8.42,12.0,93.0,4.52,9.0,11.61,0.0,54.63,55.0,0.34,0.0,32.0,39.0,16.56,15.0,7.81,52.0,15.0,8.0,1.45,1.77,5.21,4.0,2.0,6.0,18.0,0.0,0.0
8470594,2023,Marc-Andre Fleury,MIN,G,5on4,10,4054.0,1.05,3.0,17.0,0.44,0.0,1.37,0.0,10.34,10.0,2.73,2.0,2.83,1.0,7.03,9.0,1.05,8.0,4.0,1.0,0.27,0.53,0.26,2.0,1.0,0.0,4.0,0.0,0.0
8476433,2023,Magnus Hellberg,PIT,G,other,3,71.0,0.06,0.0,2.0,0.1,0.0,0.27,0.0,1.4,2.0,0.02,0.0,1.05,1.0,0.48,1.0,0.06,2.0,0.0,0.0,0.06,0.0,0.0,0.0,0.0,0.0,0.0,0.0,0.0
8476433,2023,Magnus Hellberg,PIT,G,all,3,7193.0,6.88,5.0,112.0,4.13,9.0,15.02,3.0,62.98,64.0,1.87,0.0,32.5,31.0,24.37,37.0,6.62,60.0,15.0,10.0,1.97,1.91,3.0,2.0,1.0,2.0,27.0,0.0,0.0
8476433,2023,Magnus Hellberg,PIT,G,5on5,3,6359.0,5.48,4.0,92.0,3.45,8.0,12.69,2.0,52.02,54.0,1.69,0.0,26.83,25.0,19.83,31.0,5.23,50.0,13.0,7.0,1.61,1.64,2.23,2.0,1.0,1.0,22.0,0.0,0.0
8476433,2023,Magnus Hellberg,PIT,G,4on5,3,523.0,0.94,0.0,13.0,0.42,1.0,1.24,1.0,5.69,4.0,0.04,0.0,3.2,4.0,2.0,2.0,0.92,4.0,2.0,2.0,0.12,0.27,0.55,0.0,0.0,0.0,5.0,0.0,0.0
8476433,2023,Magnus Hellberg,PIT,G,5on4,3,240.0,0.24,1.0,2.0,0.07,0.0,0.29,0.0,1.6,2.0,0.09,0.0,0.46,1.0,0.88,0.0,0.24,1.0,0.0,1.0,0.02,0.0,0.22,0.0,0.0,1.0,0.0,0.0,0.0
8477361,2023,Cal Petersen,PHI,G,other,2,28.0,0.0,0.0,0.0,0.0,0.0,0.0,0.0,0.0,0.0,0.0,0.0,0.0,0.0,0.0,0.0,0.0,0.0,0.0,0.0,0.0,0.0,0.0,0.0,0.0,0.0,0.0,0.0,0.0
8477361,2023,Cal Petersen,PHI,G,all,2,7200.0,6.1,7.0,132.0,4.56,9.0,17.38,2.0,69.5,67.0,1.71,0.0,38.07,44.0,29.42,36.0,5.66,77.0,14.0,7.0,2.0,1.95,2.15,4.0,2.0,1.0,34.0,0.0,0.0
8477361,2023,Cal Petersen,PHI,G,5on5,2,5364.0,4.22,6.0,110.0,3.35,6.0,14.63,1.0,56.28,53.0,1.23,0.0,31.06,38.0,24.76,29.0,4.13,65.0,12.0,3.0,1.75,1.67,0.8,4.0,2.0,0.0,30.0,0.0,0.0
8477361,2023,Cal Petersen,PHI,G,4on5,2,868.0,1.85,1.0,19.0,1.16,3.0,2.52,1.0,11.81,12.0,0.09,0.0,6.56,6.0,3.49,5.0,1.48,10.0,2.0,4.0,0.22,0.29,1.34,0.0,0.0,1.0,3.0,0.0,0.0
8477361,2023,Cal Petersen,PHI,G,5on4,2,940.0,0.04,0.0,3.0,0.05,0.0,0.24,0.0,1.4,2.0,0.4,0.0,0.46,0.0,1.17,2.0,0.04,2.0,0.0,0.0,0.04,0.0,0.0,0.0,0.0,0.0,1.0,0.0,0.0
8481611,2023,Pyotr Kochetkov,CAR,G,other,11,784.0,0.92,1.0,13.0,0.51,0.0,1.35,0.0,7.24,5.0,0.14,0.0,3.93,5.0,3.02,4.0,0.92,4.0,5.0,1.0,0.18,0.52,0.22,0.0,1.0,0.0,3.0,0.0,0.0
8481611,2023,Pyotr Kochetkov,CAR,G,all,11,33441.0,20.93,29.0,430.0,15.05,23.0,53.73,12.0,220.4,225.0,10.91,3.0,119.87,125.0,89.85,115.0,20.28,221.0,68.0,18.0,6.33,8.42,6.17,7.0,18.0,4.0,123.0,0.0,0.0
8481611,2023,Pyotr Kochetkov,CAR,G,5on5,11,27747.0,15.31,20.0,367.0,12.35,19.0,46.52,9.0,183.88,184.0,9.21,3.0,101.36,109.0,75.15,97.0,14.76,195.0,50.0,12.0,5.42,6.24,3.65,6.0,12.0,2.0,110.0,0.0,0.0
8481611,2023,Pyotr Kochetkov,CAR,G,4on5,11,2483.0,3.53,5.0,38.0,1.75,4.0,4.79,3.0,20.69,26.0,0.31,0.0,12.09,11.0,6.08,6.0,3.44,18.0,7.0,4.0,0.62,0.88,2.04,1.0,2.0,2.0,9.0,0.0,0.0
8481611,2023,Pyotr Kochetkov,CAR,G,5on4,11,2427.0,1.16,3.0,12.0,0.44,0.0,1.07,0.0,8.58,10.0,1.25,0.0,2.5,0.0,5.6,8.0,1.16,4.0,6.0,1.0,0.11,0.78,0.27,0.0,3.0,0.0,1.0,0.0,0.0
8476883,2023,Andrei Vasilevskiy,TBL,G,other,6,314.0,0.29,0.0,14.0,0.32,0.0,1.02,0.0,4.09,3.0,0.03,0.0,3.37,5.0,0.79,1.0,0.28,4.0,2.0,0.0,0.1,0.19,0.0,0.0,0.0,0.0,8.0,0.0,0.0
8476883,2023,Andrei Vasilevskiy,TBL,G,all,6,20240.0,15.3,15.0,351.0,11.35,16.0,42.01,7.0,174.36,149.0,6.12,0.0,94.36,98.0,67.03,100.0,14.79,174.0,48.0,14.0,5.15,5.95,4.2,4.0,9.0,2.0,115.0,0.0,0.0
8476883,2023,Andrei Vasilevskiy,TBL,G,5on5,6,16506.0,11.57,11.0,288.0,8.7,14.0,35.18,6.0,143.03,125.0,4.57,0.0,75.93,78.0,56.76,84.0,11.18,148.0,35.0,10.0,4.24,4.3,3.03,3.0,6.0,2.0,95.0,0.0,0.0
8476883,2023,Andrei Vasilevskiy,TBL,G,4on5,6,1806.0,3.14,4.0,45.0,2.2,2.0,5.45,1.0,23.99,19.0,0.61,0.0,14.18,14.0,7.22,12.0,3.02,19.0,10.0,4.0,0.67,1.29,1.17,1.0,3.0,0.0,12.0,0.0,0.0
8476883,2023,Andrei Vasilevskiy,TBL,G,5on4,6,1614.0,0.3,0.0,4.0,0.13,0.0,0.36,0.0,3.25,2.0,0.91,0.0,0.88,1.0,2.25,3.0,0.3,3.0,1.0,0.0,0.13,0.16,0.0,0.0,0.0,0.0,0.0,0.0,0.0
8479406,2023,Filip Gustavsson,MIN,G,other,14,1581.0,5.17,4.0,36.0,1.73,3.0,4.13,3.0,23.64,22.0,0.44,0.0,11.71,10.0,7.49,10.0,4.8,16.0,7.0,8.0,0.68,0.87,3.63,2.0,0.0,2.0,5.0,0.0,0.0
8479406,2023,Filip Gustavsson,MIN,G,all,14,47318.0,40.14,44.0,838.0,30.18,36.0,99.45,37.0,422.74,417.0,12.89,1.0,232.83,235.0,163.39,223.0,38.59,437.0,102.0,41.0,12.75,12.74,14.65,18.0,13.0,13.0,258.0,0.0,0.0
8479406,2023,Filip Gustavsson,MIN,G,5on5,14,36922.0,25.48,30.0,618.0,20.74,24.0,75.87,31.0,307.36,303.0,9.75,1.0,166.86,176.0,121.88,159.0,24.64,322.0,76.0,23.0,9.47,9.44,6.57,16.0,9.0,5.0,197.0,0.0,0.0
8479406,2023,Filip Gustavsson,MIN,G,4on5,14,4772.0,8.85,10.0,163.0,7.23,9.0,17.64,3.0,81.44,81.0,0.23,0.0,50.67,47.0,26.85,43.0,8.53,87.0,17.0,10.0,2.32,2.08,4.46,0.0,4.0,6.0,49.0,0.0,0.0
8479406,2023,Filip Gustavsson,MIN,G,5on4,14,4043.0,0.61,0.0,19.0,0.45,0.0,1.6,0.0,9.5,10.0,2.45,0.0,3.24,2.0,6.79,11.0,0.61,11.0,2.0,0.0,0.26,0.35,0.0,0.0,0.0,0.0,6.0,0.0,0.0
8480947,2023,Kevin Lankinen,NSH,G,other,7,529.0,1.1,2.0,14.0,0.34,2.0,1.26,0.0,6.25,7.0,0.16,0.0,2.67,1.0,2.43,3.0,1.0,5.0,1.0,2.0,0.19,0.17,0.74,1.0,0.0,1.0,6.0,0.0,0.0
8480947,2023,Kevin Lankinen,NSH,G,all,7,22536.0,18.21,19.0,349.0,12.54,22.0,45.43,10.0,187.08,193.0,7.53,3.0,99.23,107.0,74.17,98.0,17.3,192.0,44.0,20.0,5.75,5.5,6.96,5.0,6.0,8.0,93.0,0.0,0.0
8480947,2023,Kevin Lankinen,NSH,G,5on5,7,18250.0,13.23,11.0,281.0,9.79,15.0,37.53,9.0,150.65,159.0,6.14,3.0,80.54,94.0,60.68,78.0,12.69,155.0,41.0,11.0,4.67,5.1,3.47,2.0,6.0,3.0,74.0,0.0,0.0
8480947,2023,Kevin Lankinen,NSH,G,4on5,7,1540.0,3.5,6.0,48.0,2.23,5.0,5.96,1.0,26.27,23.0,0.07,0.0,14.89,11.0,8.52,13.0,3.24,28.0,2.0,6.0,0.79,0.23,2.48,2.0,0.0,4.0,12.0,0.0,0.0
8480947,2023,Kevin Lankinen,NSH,G,5on4,7,2217.0,0.37,0.0,6.0,0.18,0.0,0.67,0.0,3.9,4.0,1.16,0.0,1.13,1.0,2.54,4.0,0.37,4.0,0.0,1.0,0.1,0.0,0.27,0.0,0.0,0.0,1.0,0.0,0.0
8475660,2023,Cam Talbot,LAK,G,other,16,948.0,1.18,0.0,24.0,0.76,0.0,2.28,0.0,10.97,8.0,0.35,0.0,7.17,7.0,3.23,8.0,1.18,11.0,2.0,2.0,0.5,0.24,0.44,0.0,0.0,0.0,9.0,0.0,0.0
8475660,2023,Cam Talbot,LAK,G,all,16,56970.0,39.97,31.0,855.0,30.93,36.0,104.02,31.0,443.57,440.0,19.17,3.0,250.5,303.0,176.74,214.0,35.59,480.0,99.0,38.0,14.28,11.86,13.82,12.0,12.0,7.0,238.0,2.0,1.0
8475660,2023,Cam Talbot,LAK,G,5on5,16,45209.0,27.83,25.0,652.0,22.48,28.0,83.04,23.0,341.47,344.0,14.91,3.0,188.64,224.0,140.54,173.0,26.81,370.0,79.0,25.0,11.08,9.56,7.18,10.0,11.0,4.0,178.0,2.0,1.0
8475660,2023,Cam Talbot,LAK,G,4on5,16,5139.0,10.11,6.0,157.0,6.95,8.0,16.88,8.0,78.46,74.0,0.33,0.0,49.91,64.0,24.56,24.0,6.76,85.0,16.0,10.0,2.39,1.82,5.9,2.0,1.0,3.0,46.0,0.0,0.0
8475660,2023,Cam Talbot,LAK,G,5on4,16,5674.0,0.71,0.0,18.0,0.43,0.0,1.27,0.0,9.65,13.0,3.5,0.0,3.13,5.0,7.16,8.0,0.71,11.0,1.0,1.0,0.26,0.15,0.3,0.0,0.0,0.0,5.0,0.0,0.0
8478039,2023,Kaapo Kahkonen,SJS,G,other,11,964.0,3.11,1.0,49.0,1.63,3.0,4.09,2.0,21.06,17.0,0.31,0.0,12.75,12.0,6.76,9.0,2.61,18.0,7.0,4.0,0.85,0.82,1.43,0.0,0.0,1.0,20.0,0.0,0.0
8478039,2023,Kaapo Kahkonen,SJS,G,all,11,33608.0,40.25,37.0,714.0,26.07,40.0,84.21,23.0,371.77,357.0,8.1,3.0,202.67,243.0,143.65,161.0,37.39,370.0,91.0,48.0,11.89,11.26,17.1,16.0,12.0,9.0,205.0,0.0,0.0
8478039,2023,Kaapo Kahkonen,SJS,G,5on5,11,28619.0,26.95,25.0,561.0,19.51,29.0,68.8,21.0,288.82,283.0,6.82,3.0,159.9,201.0,114.27,121.0,25.27,301.0,68.0,30.0,9.48,8.51,8.96,14.0,9.0,2.0,162.0,0.0,0.0
8478039,2023,Kaapo Kahkonen,SJS,G,4on5,11,2133.0,8.92,9.0,85.0,4.32,8.0,9.58,0.0,48.44,44.0,0.14,0.0,26.19,28.0,13.46,18.0,8.29,39.0,13.0,12.0,1.09,1.6,6.23,1.0,2.0,6.0,21.0,0.0,0.0
8478039,2023,Kaapo Kahkonen,SJS,G,5on4,11,1892.0,1.27,2.0,19.0,0.61,0.0,1.74,0.0,13.46,13.0,0.83,0.0,3.83,2.0,9.18,13.0,1.23,12.0,3.0,2.0,0.46,0.33,0.48,1.0,1.0,0.0,2.0,0.0,0.0
8475683,2023,Sergei Bobrovsky,FLA,G,other,19,3087.0,5.94,3.0,79.0,3.01,4.0,7.79,2.0,35.99,37.0,0.63,0.0,20.14,26.0,11.45,15.0,5.23,26.0,11.0,13.0,0.95,1.28,3.72,1.0,1.0,1.0,29.0,0.0,0.0
8475683,2023,Sergei Bobrovsky,FLA,G,all,19,67861.0,50.85,47.0,1040.0,36.65,46.0,129.68,30.0,535.69,520.0,21.13,6.0,282.88,315.0,211.38,290.0,48.81,538.0,129.0,63.0,14.58,16.1,20.16,13.0,18.0,16.0,310.0,2.0,1.0
8475683,2023,Sergei Bobrovsky,FLA,G,5on5,19,53026.0,31.58,32.0,794.0,25.98,27.0,103.44,23.0,407.13,382.0,15.99,5.0,216.25,251.0,166.13,222.0,30.71,432.0,96.0,29.0,11.18,12.02,8.38,11.0,13.0,8.0,237.0,2.0,1.0
8475683,2023,Sergei Bobrovsky,FLA,G,4on5,19,6004.0,11.34,9.0,138.0,6.53,14.0,15.67,4.0,73.25,82.0,0.51,0.0,40.4,33.0,21.4,38.0,10.9,63.0,18.0,17.0,1.94,2.19,7.21,0.0,3.0,6.0,40.0,0.0,0.0
8475683,2023,Sergei Bobrovsky,FLA,G,5on4,19,5744.0,1.7,2.0,25.0,0.98,1.0,2.38,1.0,16.94,17.0,3.87,1.0,5.06,5.0,11.35,13.0,1.68,15.0,3.0,4.0,0.4,0.43,0.86,0.0,1.0,1.0,3.0,0.0,0.0
8471734,2023,Jonathan Quick,NYR,G,other,9,932.0,3.18,0.0,36.0,1.54,2.0,4.44,0.0,21.84,13.0,0.41,0.0,11.53,15.0,7.63,12.0,2.94,17.0,8.0,4.0,0.75,0.84,1.59,0.0,0.0,0.0,7.0,0.0,0.0
8471734,2023,Jonathan Quick,NYR,G,all,9,30796.0,27.78,20.0,537.0,19.15,35.0,66.75,15.0,277.88,244.0,9.47,1.0,147.99,169.0,107.8,138.0,26.54,265.0,82.0,32.0,7.79,9.95,10.04,7.0,8.0,5.0,158.0,2.0,1.0
8471734,2023,Jonathan Quick,NYR,G,5on5,9,25318.0,19.39,18.0,415.0,13.98,28.0,52.67,13.0,211.53,192.0,7.7,1.0,111.48,122.0,84.19,106.0,18.76,207.0,61.0,21.0,6.04,7.59,5.77,7.0,8.0,3.0,126.0,2.0,1.0
8471734,2023,Jonathan Quick,NYR,G,4on5,9,2713.0,4.69,2.0,78.0,3.33,5.0,9.16,2.0,39.82,33.0,0.21,0.0,23.52,30.0,12.88,16.0,4.32,39.0,9.0,7.0,0.97,1.04,2.68,0.0,0.0,2.0,23.0,0.0,0.0
8471734,2023,Jonathan Quick,NYR,G,5on4,9,1833.0,0.52,0.0,8.0,0.3,0.0,0.49,0.0,4.69,6.0,1.15,0.0,1.46,2.0,3.09,4.0,0.52,2.0,4.0,0.0,0.04,0.48,0.0,0.0,0.0,0.0,2.0,0.0,0.0
8482221,2023,Devon Levi,BUF,G,other,9,1046.0,4.27,4.0,33.0,1.31,5.0,3.28,1.0,18.89,16.0,0.73,0.0,8.63,6.0,5.87,8.0,3.44,12.0,5.0,7.0,0.56,0.59,3.12,2.0,1.0,1.0,9.0,0.0,0.0
8482221,2023,Devon Levi,BUF,G,all,9,29916.0,29.15,31.0,506.0,19.95,34.0,63.82,10.0,273.65,250.0,7.83,2.0,145.96,165.0,103.89,130.0,27.3,269.0,69.0,34.0,8.23,8.77,12.15,10.0,11.0,10.0,134.0,0.0,0.0
8482221,2023,Devon Levi,BUF,G,5on5,9,24381.0,17.62,20.0,369.0,13.07,26.0,47.54,4.0,192.21,179.0,5.75,0.0,103.06,114.0,76.12,98.0,17.05,195.0,51.0,18.0,5.98,6.53,5.12,7.0,9.0,4.0,105.0,0.0,0.0
8482221,2023,Devon Levi,BUF,G,4on5,9,2527.0,6.22,6.0,91.0,5.03,3.0,11.79,5.0,54.49,48.0,0.13,0.0,31.55,40.0,16.68,19.0,5.79,56.0,9.0,8.0,1.53,1.04,3.66,1.0,1.0,4.0,18.0,0.0,0.0
8482221,2023,Devon Levi,BUF,G,5on4,9,1962.0,1.04,1.0,13.0,0.54,0.0,1.22,0.0,8.06,7.0,1.23,2.0,2.73,5.0,5.22,5.0,1.04,6.0,4.0,1.0,0.17,0.62,0.26,0.0,0.0,1.0,2.0,0.0,0.0
8475789,2023,Jack Campbell,EDM,G,other,5,475.0,0.96,1.0,6.0,0.32,0.0,1.02,0.0,4.82,4.0,0.11,0.0,2.04,1.0,1.49,4.0,0.96,3.0,1.0,2.0,0.2,0.08,0.68,0.0,0.0,1.0,0.0,0.0,0.0
8475789,2023,Jack Campbell,EDM,G,all,5,16007.0,16.23,20.0,250.0,10.24,14.0,34.84,13.0,150.07,155.0,4.31,1.0,79.49,98.0,56.33,56.0,15.65,134.0,49.0,19.0,4.29,6.0,5.95,3.0,9.0,8.0,48.0,0.0,0.0
8475789,2023,Jack Campbell,EDM,G,5on5,5,12676.0,11.01,15.0,188.0,7.64,13.0,28.6,10.0,119.03,124.0,3.33,1.0,61.24,75.0,45.78,44.0,10.64,110.0,36.0,12.0,3.23,4.46,3.32,1.0,8.0,6.0,30.0,0.0,0.0
8475789,2023,Jack Campbell,EDM,G,4on5,5,1650.0,3.81,3.0,53.0,2.15,1.0,4.94,3.0,23.79,25.0,0.13,0.0,15.54,21.0,7.66,7.0,3.59,19.0,12.0,4.0,0.76,1.46,1.59,1.0,1.0,1.0,18.0,0.0,0.0
8475789,2023,Jack Campbell,EDM,G,5on4,5,1206.0,0.45,1.0,3.0,0.13,0.0,0.28,0.0,2.43,2.0,0.74,0.0,0.67,1.0,1.41,1.0,0.45,2.0,0.0,1.0,0.1,0.0,0.35,1.0,0.0,0.0,0.0,0.0,0.0
8475839,2023,Louis Domingue,NYR,G,other,1,136.0,0.91,0.0,7.0,0.37,1.0,0.75,0.0,4.64,4.0,0.02,0.0,3.0,4.0,0.83,1.0,0.73,3.0,1.0,2.0,0.16,0.12,0.63,0.0,0.0,0.0,1.0,0.0,0.0
8475839,2023,Louis Domingue,NYR,G,all,1,3600.0,2.42,1.0,63.0,2.26,4.0,7.89,1.0,33.09,26.0,1.04,2.0,20.36,25.0,13.96,17.0,2.23,40.0,6.0,2.0,1.03,0.76,0.63,0.0,1.0,0.0,15.0,0.0,0.0
8475839,2023,Louis Domingue,NYR,G,5on5,1,3225.0,1.47,1.0,52.0,1.73,3.0,6.25,1.0,25.47,19.0,0.94,2.0,15.84,19.0,11.83,14.0,1.45,33.0,5.0,0.0,0.83,0.64,0.0,0.0,1.0,0.0,14.0,0.0,0.0
8475839,2023,Louis Domingue,NYR,G,4on5,1,120.0,0.03,0.0,3.0,0.14,0.0,0.79,0.0,2.31,2.0,0.02,0.0,1.3,1.0,0.67,2.0,0.03,3.0,0.0,0.0,0.03,0.0,0.0,0.0,0.0,0.0,0.0,0.0,0.0
8475839,2023,Louis Domingue,NYR,G,5on4,1,119.0,0.01,0.0,1.0,0.03,0.0,0.1,0.0,0.66,1.0,0.07,0.0,0.22,1.0,0.63,0.0,0.01,1.0,0.0,0.0,0.01,0.0,0.0,0.0,0.0,0.0,0.0,0.0,0.0
8476914,2023,Joonas Korpisalo,OTT,G,other,13,1207.0,1.25,1.0,21.0,0.68,0.0,2.37,4.0,11.61,12.0,0.74,0.0,5.48,2.0,5.84,9.0,1.25,10.0,5.0,1.0,0.34,0.64,0.27,0.0,1.0,0.0,5.0,0.0,0.0
8476914,2023,Joonas Korpisalo,OTT,G,all,13,42260.0,37.38,40.0,750.0,25.63,40.0,95.55,33.0,392.45,389.0,13.31,1.0,207.02,227.0,157.27,191.0,34.95,409.0,88.0,39.0,11.0,11.23,15.15,12.0,19.0,9.0,214.0,0.0,0.0
8476914,2023,Joonas Korpisalo,OTT,G,5on5,13,33041.0,24.76,26.0,607.0,19.87,32.0,79.53,24.0,312.33,306.0,9.41,1.0,165.66,183.0,126.56,157.0,23.92,331.0,74.0,22.0,9.16,9.5,6.09,11.0,14.0,1.0,180.0,0.0,0.0
8476914,2023,Joonas Korpisalo,OTT,G,4on5,13,3303.0,11.05,12.0,105.0,4.69,8.0,12.02,5.0,58.25,58.0,0.44,0.0,32.29,37.0,17.14,17.0,9.46,55.0,8.0,16.0,1.28,0.98,8.79,1.0,3.0,8.0,26.0,0.0,0.0
8476914,2023,Joonas Korpisalo,OTT,G,5on4,13,4709.0,0.33,1.0,17.0,0.39,0.0,1.63,0.0,10.26,13.0,2.72,0.0,3.59,5.0,7.74,8.0,0.33,13.0,1.0,0.0,0.22,0.11,0.0,0.0,1.0,0.0,3.0,0.0,0.0
8481031,2023,Ivan Prosvetov,COL,G,other,6,227.0,1.82,0.0,15.0,0.69,4.0,1.72,0.0,8.06,8.0,0.17,0.0,3.8,5.0,2.64,2.0,1.5,3.0,5.0,3.0,0.06,0.51,1.25,0.0,0.0,0.0,4.0,0.0,0.0
8481031,2023,Ivan Prosvetov,COL,G,all,6,16145.0,15.68,11.0,261.0,10.12,14.0,35.1,7.0,148.92,136.0,4.7,1.0,76.62,103.0,57.77,65.0,14.09,146.0,36.0,18.0,4.04,4.59,7.05,1.0,6.0,4.0,61.0,0.0,0.0
8481031,2023,Ivan Prosvetov,COL,G,5on5,6,12941.0,9.94,7.0,199.0,7.18,9.0,28.25,6.0,112.22,105.0,3.7,0.0,58.47,76.0,43.66,53.0,9.37,116.0,27.0,8.0,3.46,3.61,2.87,1.0,5.0,1.0,48.0,0.0,0.0
8481031,2023,Ivan Prosvetov,COL,G,4on5,6,1558.0,2.9,3.0,37.0,1.92,0.0,4.17,1.0,20.49,15.0,0.04,0.0,12.1,19.0,6.27,5.0,2.21,20.0,3.0,5.0,0.34,0.34,2.22,0.0,1.0,2.0,9.0,0.0,0.0
8481031,2023,Ivan Prosvetov,COL,G,5on4,6,1419.0,1.02,1.0,10.0,0.33,1.0,0.96,0.0,8.15,8.0,0.79,1.0,2.24,3.0,5.21,5.0,1.01,7.0,1.0,2.0,0.17,0.13,0.71,0.0,0.0,1.0,0.0,0.0,0.0
8475883,2023,Frederik Andersen,CAR,G,other,6,119.0,0.78,1.0,9.0,0.38,0.0,1.23,0.0,5.45,5.0,0.11,0.0,2.7,1.0,1.71,5.0,0.78,5.0,1.0,1.0,0.26,0.19,0.33,0.0,0.0,1.0,2.0,0.0,0.0
8475883,2023,Frederik Andersen,CAR,G,all,6,18845.0,14.51,15.0,272.0,11.01,16.0,36.88,8.0,155.53,142.0,6.23,0.0,82.39,82.0,59.04,88.0,13.85,146.0,52.0,11.0,4.44,6.65,3.42,4.0,9.0,2.0,63.0,0.0,0.0
8475883,2023,Frederik Andersen,CAR,G,5on5,6,14907.0,8.39,10.0,191.0,6.94,11.0,27.0,5.0,109.36,102.0,5.31,0.0,58.14,62.0,42.99,59.0,8.2,110.0,34.0,3.0,3.33,4.25,0.81,4.0,6.0,0.0,44.0,0.0,0.0
8475883,2023,Frederik Andersen,CAR,G,4on5,6,2326.0,4.83,3.0,58.0,3.23,5.0,7.07,3.0,33.19,26.0,0.24,0.0,18.18,17.0,9.56,16.0,4.36,22.0,15.0,7.0,0.64,1.9,2.29,0.0,2.0,1.0,14.0,0.0,0.0
8475883,2023,Frederik Andersen,CAR,G,5on4,6,1493.0,0.29,1.0,8.0,0.3,0.0,1.03,0.0,4.55,6.0,0.56,0.0,1.94,2.0,3.22,4.0,0.29,6.0,1.0,0.0,0.1,0.19,0.0,0.0,1.0,0.0,1.0,0.0,0.0
8473575,2023,Semyon Varlamov,NYI,G,other,8,1142.0,1.74,1.0,29.0,1.26,1.0,2.91,1.0,14.85,16.0,0.28,0.0,8.57,5.0,4.99,12.0,1.66,11.0,8.0,1.0,0.41,0.95,0.39,0.0,0.0,1.0,9.0,0.0,0.0
8473575,2023,Semyon Varlamov,NYI,G,all,8,28846.0,26.07,20.0,577.0,20.5,32.0,73.14,15.0,297.56,273.0,8.1,1.0,160.44,176.0,117.66,163.0,24.97,300.0,87.0,21.0,8.73,11.09,6.25,4.0,12.0,4.0,169.0,0.0,0.0
8473575,2023,Semyon Varlamov,NYI,G,5on5,8,23075.0,18.7,14.0,459.0,15.03,28.0,59.6,11.0,232.34,210.0,6.73,1.0,124.07,139.0,93.65,125.0,17.93,245.0,60.0,14.0,6.88,7.79,4.02,3.0,9.0,2.0,140.0,0.0,0.0
8473575,2023,Semyon Varlamov,NYI,G,4on5,8,2336.0,5.04,5.0,78.0,3.88,3.0,9.24,3.0,41.78,38.0,0.09,0.0,25.3,26.0,13.1,21.0,4.79,35.0,18.0,5.0,1.16,2.24,1.64,1.0,3.0,1.0,20.0,0.0,0.0
8473575,2023,Semyon Varlamov,NYI,G,5on4,8,2293.0,0.6,0.0,11.0,0.33,0.0,1.39,0.0,8.59,9.0,1.0,0.0,2.5,6.0,5.91,5.0,0.59,9.0,1.0,1.0,0.28,0.12,0.2,0.0,0.0,0.0,0.0,0.0,0.0
8479361,2023,Joseph Woll,TOR,G,other,14,724.0,2.33,0.0,35.0,1.4,1.0,3.57,0.0,17.48,18.0,0.4,0.0,9.15,15.0,5.92,7.0,2.21,11.0,10.0,2.0,0.35,1.15,0.82,0.0,0.0,0.0,12.0,0.0,0.0
8479361,2023,Joseph Woll,TOR,G,all,14,49771.0,46.26,39.0,907.0,33.51,56.0,115.28,40.0,477.09,460.0,14.79,5.0,252.05,274.0,185.6,236.0,44.2,469.0,125.0,55.0,13.27,15.06,17.92,14.0,13.0,12.0,258.0,0.0,0.0
8479361,2023,Joseph Woll,TOR,G,5on5,14,41649.0,31.99,31.0,710.0,24.64,44.0,92.34,32.0,366.36,345.0,11.35,5.0,195.05,203.0,145.44,190.0,30.64,372.0,97.0,33.0,10.75,11.79,9.44,14.0,10.0,7.0,208.0,0.0,0.0
8479361,2023,Joseph Woll,TOR,G,4on5,14,3925.0,9.18,6.0,124.0,5.98,9.0,15.12,5.0,69.15,67.0,0.36,0.0,39.15,46.0,21.26,25.0,8.71,67.0,10.0,16.0,1.5,1.11,6.56,0.0,1.0,5.0,31.0,0.0,0.0
8479361,2023,Joseph Woll,TOR,G,5on4,14,3473.0,0.8,1.0,16.0,0.53,0.0,1.47,2.0,10.06,12.0,2.32,0.0,3.15,1.0,6.72,9.0,0.8,10.0,2.0,1.0,0.2,0.28,0.32,0.0,1.0,0.0,3.0,0.0,0.0
8474596,2023,Jake Allen,MTL,G,other,10,743.0,2.75,6.0,29.0,1.57,2.0,3.84,2.0,21.59,22.0,0.32,0.0,11.47,9.0,7.67,8.0,2.65,15.0,11.0,2.0,0.64,1.45,0.66,2.0,3.0,1.0,1.0,0.0,0.0
8474596,2023,Jake Allen,MTL,G,all,10,33724.0,35.37,35.0,638.0,25.2,37.0,81.73,18.0,343.84,343.0,8.46,2.0,183.85,214.0,130.2,158.0,33.25,331.0,94.0,43.0,10.06,12.12,13.19,17.0,12.0,6.0,170.0,2.0,1.0
8474596,2023,Jake Allen,MTL,G,5on5,10,26514.0,24.56,21.0,488.0,17.59,29.0,64.46,13.0,257.97,251.0,6.44,1.0,137.06,164.0,100.42,121.0,23.49,258.0,63.0,32.0,7.63,8.15,8.78,13.0,6.0,2.0,135.0,2.0,1.0
8474596,2023,Jake Allen,MTL,G,4on5,10,3524.0,6.92,7.0,111.0,5.58,5.0,12.11,3.0,56.74,61.0,0.24,1.0,32.87,39.0,17.72,23.0,6.12,51.0,19.0,7.0,1.6,2.37,2.96,2.0,3.0,2.0,34.0,0.0,0.0
8474596,2023,Jake Allen,MTL,G,5on4,10,2943.0,1.14,1.0,10.0,0.45,1.0,1.32,0.0,7.55,9.0,1.45,0.0,2.45,2.0,4.39,6.0,0.99,7.0,1.0,2.0,0.19,0.15,0.8,0.0,0.0,1.0,0.0,0.0,0.0
8481033,2023,Akira Schmid,NJD,G,other,10,947.0,2.34,2.0,25.0,1.15,2.0,3.17,1.0,15.75,18.0,0.46,0.0,8.02,9.0,5.81,7.0,2.17,12.0,5.0,4.0,0.44,0.55,1.35,0.0,1.0,1.0,4.0,0.0,0.0
8481033,2023,Akira Schmid,NJD,G,all,10,30818.0,23.73,28.0,459.0,16.98,31.0,61.25,13.0,257.51,257.0,9.69,3.0,135.56,146.0,101.98,129.0,22.58,251.0,69.0,28.0,6.69,8.54,8.49,7.0,12.0,9.0,111.0,0.0,0.0
8481033,2023,Akira Schmid,NJD,G,5on5,10,24581.0,16.54,21.0,350.0,12.16,24.0,48.68,11.0,197.71,196.0,7.72,3.0,101.92,107.0,80.14,102.0,15.83,196.0,52.0,18.0,4.97,6.72,4.86,7.0,9.0,5.0,84.0,0.0,0.0
8481033,2023,Akira Schmid,NJD,G,4on5,10,2619.0,4.47,5.0,76.0,3.4,5.0,8.37,1.0,38.04,37.0,0.2,0.0,23.73,28.0,11.77,14.0,4.21,37.0,10.0,6.0,1.12,1.06,2.28,0.0,2.0,3.0,23.0,0.0,0.0
8481033,2023,Akira Schmid,NJD,G,5on4,10,2671.0,0.37,0.0,8.0,0.27,0.0,1.03,0.0,6.01,6.0,1.31,0.0,1.89,2.0,4.26,6.0,0.37,6.0,2.0,0.0,0.15,0.21,0.0,0.0,0.0,0.0,0.0,0.0,0.0
8475831,2023,Philipp Grubauer,SEA,G,other,15,1544.0,3.76,1.0,51.0,2.06,2.0,5.78,1.0,26.45,21.0,0.59,0.0,16.53,19.0,7.86,11.0,2.95,24.0,10.0,3.0,0.84,1.28,1.64,1.0,0.0,0.0,14.0,0.0,0.0
8475831,2023,Philipp Grubauer,SEA,G,all,15,49476.0,39.29,46.0,780.0,27.35,43.0,96.59,15.0,405.0,392.0,14.49,2.0,224.1,241.0,158.04,210.0,37.25,407.0,111.0,41.0,11.06,13.55,14.67,15.0,15.0,16.0,221.0,4.0,2.0
8475831,2023,Philipp Grubauer,SEA,G,5on5,15,39480.0,24.86,33.0,608.0,19.73,30.0,77.43,11.0,311.44,303.0,11.17,1.0,172.21,192.0,127.41,165.0,24.2,327.0,83.0,22.0,8.49,10.19,6.17,13.0,12.0,8.0,176.0,4.0,2.0
8475831,2023,Philipp Grubauer,SEA,G,4on5,15,3406.0,9.5,10.0,102.0,4.92,10.0,11.82,2.0,55.93,56.0,0.34,0.0,32.04,28.0,15.75,26.0,8.97,48.0,14.0,14.0,1.54,1.59,6.37,1.0,2.0,7.0,26.0,0.0,0.0
8475831,2023,Philipp Grubauer,SEA,G,5on4,15,5046.0,1.17,2.0,19.0,0.63,1.0,1.55,1.0,11.19,12.0,2.39,1.0,3.32,2.0,7.02,8.0,1.13,8.0,4.0,2.0,0.18,0.5,0.49,0.0,1.0,1.0,5.0,0.0,0.0
8480051,2023,Cayden Primeau,MTL,G,other,5,514.0,0.6,1.0,16.0,0.54,0.0,1.73,0.0,9.0,8.0,0.23,0.0,5.07,7.0,4.8,5.0,0.6,12.0,1.0,0.0,0.5,0.1,0.0,0.0,1.0,0.0,3.0,0.0,0.0
8480051,2023,Cayden Primeau,MTL,G,all,5,18368.0,17.27,19.0,348.0,12.58,16.0,41.28,8.0,173.31,166.0,4.63,0.0,96.18,107.0,70.59,94.0,16.62,189.0,35.0,20.0,5.35,4.36,7.55,7.0,4.0,8.0,104.0,0.0,0.0
8480051,2023,Cayden Primeau,MTL,G,5on5,5,14306.0,10.81,10.0,250.0,8.16,11.0,31.03,5.0,119.36,111.0,3.49,0.0,65.06,74.0,48.52,68.0,10.42,126.0,31.0,11.0,3.58,3.94,3.29,6.0,2.0,2.0,82.0,0.0,0.0
8480051,2023,Cayden Primeau,MTL,G,4on5,5,1728.0,5.62,7.0,72.0,3.6,5.0,7.51,3.0,38.6,39.0,0.09,0.0,23.89,23.0,12.15,16.0,5.37,42.0,3.0,9.0,1.03,0.33,4.26,0.0,1.0,6.0,18.0,0.0,0.0
8480051,2023,Cayden Primeau,MTL,G,5on4,5,1820.0,0.23,1.0,10.0,0.28,0.0,1.01,0.0,6.35,8.0,0.82,0.0,2.16,3.0,5.12,5.0,0.23,9.0,0.0,0.0,0.23,0.0,0.0,1.0,0.0,0.0,1.0,0.0,0.0
8478007,2023,Elvis Merzlikins,CBJ,G,other,19,1707.0,3.57,3.0,58.0,2.32,4.0,6.34,4.0,31.53,26.0,0.68,0.0,18.85,20.0,10.76,12.0,3.15,25.0,15.0,3.0,1.02,1.78,0.77,0.0,3.0,0.0,15.0,0.0,0.0
8478007,2023,Elvis Merzlikins,CBJ,G,all,19,63965.0,55.66,55.0,1239.0,43.47,71.0,152.64,33.0,635.25,610.0,19.75,7.0,349.45,401.0,250.87,311.0,52.75,649.0,171.0,54.0,18.89,21.41,15.36,25.0,20.0,10.0,365.0,2.0,1.0
8478007,2023,Elvis Merzlikins,CBJ,G,5on5,19,51969.0,43.02,46.0,981.0,31.96,61.0,122.27,18.0,494.82,479.0,15.47,7.0,266.48,310.0,198.41,241.0,41.03,506.0,133.0,40.0,15.01,16.89,11.12,23.0,17.0,6.0,302.0,2.0,1.0
8478007,2023,Elvis Merzlikins,CBJ,G,4on5,19,4924.0,7.16,4.0,174.0,8.16,6.0,21.25,10.0,91.24,85.0,0.42,0.0,57.78,64.0,30.38,44.0,6.65,102.0,18.0,8.0,2.44,2.08,2.64,1.0,0.0,3.0,46.0,0.0,0.0
8478007,2023,Elvis Merzlikins,CBJ,G,5on4,19,5365.0,1.39,0.0,21.0,0.83,0.0,2.3,1.0,14.52,17.0,3.14,0.0,5.24,7.0,9.7,12.0,1.39,14.0,4.0,2.0,0.33,0.48,0.59,0.0,0.0,0.0,1.0,0.0,0.0
8482821,2023,Arvid Soderblom,CHI,G,other,12,583.0,2.83,1.0,25.0,1.35,2.0,3.09,1.0,15.83,13.0,0.26,0.0,7.87,10.0,4.37,6.0,2.3,7.0,8.0,5.0,0.26,0.95,1.63,0.0,0.0,1.0,5.0,0.0,0.0
8482821,2023,Arvid Soderblom,CHI,G,all,12,39789.0,41.85,40.0,703.0,26.8,45.0,86.34,12.0,368.91,346.0,10.14,2.0,197.36,212.0,139.26,191.0,39.39,332.0,118.0,54.0,9.88,14.63,17.35,10.0,18.0,12.0,199.0,0.0,0.0
8482821,2023,Arvid Soderblom,CHI,G,5on5,12,32618.0,29.51,29.0,583.0,21.19,36.0,74.02,9.0,303.14,287.0,8.52,2.0,162.89,177.0,119.03,163.0,28.24,290.0,93.0,34.0,8.64,11.66,9.2,10.0,15.0,4.0,166.0,0.0,0.0
8482821,2023,Arvid Soderblom,CHI,G,4on5,12,3170.0,8.26,10.0,81.0,3.68,7.0,7.99,2.0,42.05,39.0,0.29,0.0,23.61,23.0,11.23,13.0,7.72,29.0,14.0,13.0,0.82,1.59,5.85,0.0,3.0,7.0,25.0,0.0,0.0
8482821,2023,Arvid Soderblom,CHI,G,5on4,12,3418.0,1.11,0.0,12.0,0.5,0.0,0.99,0.0,6.43,6.0,0.98,0.0,2.35,2.0,3.79,7.0,1.0,5.0,2.0,2.0,0.12,0.33,0.67,0.0,0.0,0.0,3.0,0.0,0.0
8477035,2023,Matt Tomkins,TBL,G,other,3,386.0,0.34,0.0,6.0,0.18,0.0,0.78,0.0,3.74,3.0,0.04,0.0,1.76,2.0,1.82,3.0,0.34,3.0,2.0,0.0,0.14,0.21,0.0,0.0,0.0,0.0,1.0,0.0,0.0
8477035,2023,Matt Tomkins,TBL,G,all,3,10575.0,8.31,10.0,185.0,5.93,8.0,22.7,6.0,91.83,90.0,2.86,1.0,49.13,54.0,37.84,48.0,7.92,98.0,23.0,6.0,3.14,2.97,2.2,4.0,5.0,1.0,58.0,0.0,0.0
8477035,2023,Matt Tomkins,TBL,G,5on5,3,7768.0,5.46,9.0,142.0,4.18,5.0,17.94,5.0,68.92,67.0,2.03,1.0,36.59,42.0,29.43,35.0,5.33,77.0,16.0,3.0,2.23,2.14,1.09,3.0,5.0,1.0,46.0,0.0,0.0
8477035,2023,Matt Tomkins,TBL,G,4on5,3,1351.0,2.45,1.0,34.0,1.5,3.0,3.66,1.0,16.79,18.0,0.12,0.0,10.0,10.0,4.87,7.0,2.19,15.0,5.0,3.0,0.72,0.63,1.11,1.0,0.0,0.0,11.0,0.0,0.0
8477035,2023,Matt Tomkins,TBL,G,5on4,3,1070.0,0.05,0.0,3.0,0.07,0.0,0.32,0.0,2.37,2.0,0.67,0.0,0.78,0.0,1.72,3.0,0.05,3.0,0.0,0.0,0.05,0.0,0.0,0.0,0.0,0.0,0.0,0.0,0.0
8482411,2023,Hunter Shepard,WSH,G,other,2,365.0,0.29,0.0,12.0,0.49,0.0,1.16,0.0,5.24,5.0,0.05,0.0,4.12,7.0,1.71,1.0,0.15,8.0,0.0,0.0,0.29,0.0,0.0,0.0,0.0,0.0,4.0,0.0,0.0
8482411,2023,Hunter Shepard,WSH,G,all,2,7200.0,5.6,5.0,156.0,4.55,8.0,16.8,2.0,69.71,59.0,1.76,1.0,39.54,50.0,29.06,33.0,5.33,78.0,11.0,9.0,2.06,1.32,2.22,1.0,3.0,1.0,58.0,0.0,0.0
8482411,2023,Hunter Shepard,WSH,G,5on5,2,6205.0,5.29,5.0,138.0,4.0,8.0,15.5,2.0,64.18,54.0,1.38,1.0,35.01,42.0,27.02,32.0,5.17,69.0,11.0,9.0,1.76,1.32,2.22,1.0,3.0,1.0,49.0,0.0,0.0
8482411,2023,Hunter Shepard,WSH,G,4on5,2,240.0,0.0,0.0,5.0,0.0,0.0,0.0,0.0,0.0,0.0,0.0,0.0,0.0,0.0,0.0,0.0,0.0,0.0,0.0,0.0,0.0,0.0,0.0,0.0,0.0,0.0,5.0,0.0,0.0
8482411,2023,Hunter Shepard,WSH,G,5on4,2,390.0,0.01,0.0,1.0,0.07,0.0,0.14,0.0,0.3,0.0,0.33,0.0,0.41,1.0,0.32,0.0,0.01,1.0,0.0,0.0,0.01,0.0,0.0,0.0,0.0,0.0,0.0,0.0,0.0
8481035,2023,Samuel Ersson,PHI,G,other,9,860.0,4.11,3.0,56.0,2.29,3.0,6.15,1.0,29.88,24.0,0.44,0.0,15.64,22.0,9.8,10.0,3.89,25.0,10.0,4.0,1.14,1.29,1.68,0.0,2.0,1.0,17.0,0.0,0.0
8481035,2023,Samuel Ersson,PHI,G,all,9,32369.0,22.36,25.0,507.0,16.46,19.0,58.05,16.0,243.38,217.0,10.23,0.0,132.83,156.0,98.06,120.0,21.76,242.0,80.0,14.0,7.41,10.05,4.9,8.0,11.0,6.0,171.0,0.0,0.0
8481035,2023,Samuel Ersson,PHI,G,5on5,9,26073.0,13.45,17.0,361.0,11.16,14.0,43.72,11.0,173.53,162.0,8.08,0.0,95.09,110.0,71.78,89.0,13.24,182.0,53.0,6.0,5.14,6.81,1.51,7.0,8.0,2.0,120.0,0.0,0.0
8481035,2023,Samuel Ersson,PHI,G,4on5,9,2990.0,4.23,3.0,79.0,2.71,2.0,6.89,4.0,32.05,23.0,0.37,0.0,19.71,21.0,11.22,16.0,4.06,28.0,15.0,3.0,0.99,1.75,1.49,1.0,0.0,2.0,33.0,0.0,0.0
8481035,2023,Samuel Ersson,PHI,G,5on4,9,2446.0,0.37,1.0,9.0,0.2,0.0,1.03,0.0,6.32,6.0,1.3,0.0,1.7,2.0,4.53,5.0,0.37,7.0,0.0,1.0,0.14,0.0,0.23,0.0,0.0,1.0,1.0,0.0,0.0
8477992,2023,Jonas Johansson,TBL,G,other,19,1833.0,5.09,5.0,50.0,1.97,2.0,5.58,4.0,29.1,29.0,0.59,0.0,14.96,15.0,10.42,13.0,4.88,21.0,12.0,6.0,0.89,1.43,2.77,1.0,2.0,2.0,11.0,0.0,0.0
8477992,2023,Jonas Johansson,TBL,G,all,19,65935.0,56.71,63.0,1038.0,39.61,77.0,139.68,38.0,576.1,585.0,19.69,3.0,303.05,308.0,222.47,292.0,54.13,558.0,161.0,62.0,15.7,19.94,21.08,21.0,28.0,14.0,257.0,0.0,0.0
8477992,2023,Jonas Johansson,TBL,G,5on5,19,54677.0,41.94,48.0,832.0,30.03,66.0,116.43,29.0,460.61,464.0,15.53,3.0,240.26,243.0,179.69,236.0,39.77,450.0,129.0,45.0,12.87,16.0,13.07,19.0,24.0,5.0,208.0,0.0,0.0
8477992,2023,Jonas Johansson,TBL,G,4on5,19,4514.0,7.83,7.0,126.0,6.56,8.0,14.56,5.0,68.12,72.0,0.48,0.0,40.88,43.0,20.91,29.0,7.65,70.0,14.0,9.0,1.48,1.75,4.61,1.0,1.0,5.0,33.0,0.0,0.0
8477992,2023,Jonas Johansson,TBL,G,5on4,19,4911.0,0.94,1.0,20.0,0.64,0.0,1.85,0.0,12.28,12.0,3.04,0.0,4.03,4.0,9.15,12.0,0.94,13.0,3.0,1.0,0.35,0.37,0.23,0.0,0.0,1.0,3.0,0.0,0.0
8477293,2023,Antti Raanta,CAR,G,other,12,715.0,1.14,3.0,15.0,0.48,1.0,1.45,0.0,7.51,8.0,0.2,1.0,3.31,2.0,3.39,4.0,1.09,6.0,2.0,2.0,0.26,0.22,0.66,1.0,1.0,1.0,5.0,0.0,0.0
8477293,2023,Antti Raanta,CAR,G,all,12,37812.0,29.17,35.0,468.0,17.49,33.0,64.71,15.0,266.78,256.0,14.79,5.0,134.52,133.0,104.32,141.0,28.17,248.0,73.0,38.0,7.07,9.26,12.85,12.0,10.0,13.0,109.0,0.0,0.0
8477293,2023,Antti Raanta,CAR,G,5on5,12,30618.0,20.97,20.0,391.0,14.3,27.0,55.57,14.0,221.15,211.0,11.66,2.0,113.97,115.0,86.81,121.0,20.13,213.0,61.0,25.0,6.09,7.78,7.1,9.0,8.0,3.0,92.0,0.0,0.0
8477293,2023,Antti Raanta,CAR,G,4on5,12,2336.0,5.98,10.0,49.0,2.14,4.0,6.3,1.0,28.46,28.0,0.35,0.0,14.42,13.0,8.26,10.0,5.87,22.0,7.0,9.0,0.57,0.8,4.61,2.0,0.0,8.0,11.0,0.0,0.0
8477293,2023,Antti Raanta,CAR,G,5on4,12,4143.0,1.08,2.0,13.0,0.57,1.0,1.4,0.0,9.65,9.0,2.58,2.0,2.82,3.0,5.86,6.0,1.08,7.0,3.0,2.0,0.15,0.45,0.49,0.0,1.0,1.0,1.0,0.0,0.0
8480313,2023,Logan Thompson,VGK,G,other,14,1377.0,4.16,4.0,39.0,1.39,4.0,4.2,0.0,20.55,19.0,0.6,0.0,8.58,8.0,6.99,10.0,3.3,15.0,2.0,9.0,0.44,0.19,3.53,1.0,0.0,3.0,13.0,0.0,0.0
8480313,2023,Logan Thompson,VGK,G,all,14,48414.0,41.04,32.0,819.0,27.72,45.0,97.77,17.0,401.55,385.0,14.3,0.0,216.34,254.0,156.3,205.0,38.84,402.0,96.0,55.0,11.75,11.71,17.57,7.0,10.0,15.0,266.0,0.0,0.0
8480313,2023,Logan Thompson,VGK,G,5on5,14,38974.0,27.36,21.0,654.0,20.83,32.0,81.3,15.0,318.22,315.0,11.53,0.0,173.59,211.0,127.0,162.0,26.56,340.0,69.0,32.0,9.4,8.73,9.23,6.0,8.0,7.0,213.0,0.0,0.0
8480313,2023,Logan Thompson,VGK,G,4on5,14,3602.0,8.3,6.0,108.0,4.89,8.0,10.69,2.0,52.36,42.0,0.3,0.0,31.22,32.0,15.98,25.0,7.78,40.0,21.0,12.0,1.64,2.29,4.36,0.0,2.0,4.0,35.0,0.0,0.0
8480313,2023,Logan Thompson,VGK,G,5on4,14,4461.0,0.98,0.0,17.0,0.53,1.0,1.43,0.0,9.46,8.0,1.89,0.0,2.71,3.0,6.08,8.0,0.96,7.0,4.0,1.0,0.27,0.5,0.21,0.0,0.0,0.0,5.0,0.0,0.0
8475852,2023,Petr Mrazek,CHI,G,other,14,1631.0,2.5,1.0,41.0,1.3,1.0,3.96,1.0,18.29,18.0,0.34,0.0,10.61,10.0,6.04,12.0,2.48,17.0,3.0,5.0,0.7,0.3,1.5,0.0,0.0,1.0,16.0,0.0,0.0
8475852,2023,Petr Mrazek,CHI,G,all,14,46326.0,40.94,44.0,813.0,30.09,40.0,101.9,28.0,427.18,431.0,11.55,1.0,236.18,269.0,169.73,210.0,39.2,429.0,118.0,46.0,13.01,13.63,14.3,12.0,20.0,12.0,220.0,0.0,0.0
8475852,2023,Petr Mrazek,CHI,G,5on5,14,36355.0,28.09,29.0,645.0,22.44,32.0,83.78,23.0,337.99,336.0,8.83,1.0,186.94,222.0,137.56,163.0,27.12,360.0,84.0,26.0,10.77,9.86,7.46,11.0,14.0,4.0,175.0,0.0,0.0
8475852,2023,Petr Mrazek,CHI,G,4on5,14,4282.0,8.56,10.0,108.0,5.48,7.0,12.37,3.0,58.12,64.0,0.3,0.0,34.47,36.0,18.16,24.0,7.82,43.0,26.0,12.0,1.21,2.87,4.49,0.0,5.0,5.0,27.0,0.0,0.0
8475852,2023,Petr Mrazek,CHI,G,5on4,14,4058.0,1.79,4.0,19.0,0.87,0.0,1.79,1.0,12.77,13.0,2.03,0.0,4.16,1.0,7.98,11.0,1.79,9.0,5.0,3.0,0.34,0.61,0.85,1.0,1.0,2.0,2.0,0.0,0.0
8478435,2023,Dan Vladar,CGY,G,other,8,568.0,0.65,1.0,12.0,0.43,0.0,1.12,1.0,5.39,4.0,0.48,1.0,3.66,4.0,1.92,2.0,0.61,5.0,2.0,1.0,0.18,0.24,0.23,0.0,1.0,0.0,4.0,0.0,0.0
8478435,2023,Dan Vladar,CGY,G,all,8,27139.0,21.38,26.0,441.0,15.63,13.0,54.64,7.0,234.65,212.0,7.81,1.0,128.94,151.0,93.71,123.0,20.62,229.0,78.0,15.0,7.07,9.42,4.89,12.0,10.0,4.0,119.0,0.0,0.0
8478435,2023,Dan Vladar,CGY,G,5on5,8,22303.0,15.19,19.0,350.0,11.57,10.0,43.95,5.0,182.33,163.0,6.11,0.0,98.98,118.0,74.31,97.0,14.7,182.0,59.0,9.0,5.18,7.13,2.87,9.0,8.0,2.0,100.0,0.0,0.0
8478435,2023,Dan Vladar,CGY,G,4on5,8,2352.0,4.58,5.0,63.0,3.08,2.0,7.91,1.0,37.58,34.0,0.28,0.0,22.58,26.0,11.69,16.0,4.37,33.0,15.0,3.0,1.44,1.82,1.33,2.0,1.0,2.0,12.0,0.0,0.0
8478435,2023,Dan Vladar,CGY,G,5on4,8,1916.0,0.34,1.0,9.0,0.24,0.0,0.74,0.0,4.92,7.0,0.68,0.0,1.75,3.0,3.75,3.0,0.34,6.0,0.0,1.0,0.13,0.0,0.21,1.0,0.0,0.0,2.0,0.0,0.0
8477831,2023,Pheonix Copley,LAK,G,other,7,204.0,0.25,0.0,4.0,0.09,0.0,0.32,0.0,1.49,2.0,0.04,0.0,0.71,0.0,0.59,2.0,0.25,0.0,2.0,0.0,0.0,0.25,0.0,0.0,0.0,0.0,2.0,0.0,0.0
8477831,2023,Pheonix Copley,LAK,G,all,7,22577.0,17.03,19.0,320.0,12.31,14.0,38.22,11.0,168.12,150.0,6.96,0.0,89.73,95.0,66.25,87.0,15.97,165.0,46.0,18.0,4.78,5.49,6.76,7.0,7.0,5.0,91.0,0.0,0.0
8477831,2023,Pheonix Copley,LAK,G,5on5,7,18156.0,9.8,13.0,230.0,7.71,9.0,28.39,7.0,115.37,102.0,5.45,0.0,63.07,71.0,46.22,58.0,9.58,121.0,30.0,8.0,3.63,3.57,2.6,5.0,4.0,4.0,71.0,0.0,0.0
8477831,2023,Pheonix Copley,LAK,G,4on5,7,2096.0,5.26,2.0,66.0,3.76,4.0,7.38,3.0,37.71,36.0,0.13,0.0,21.17,21.0,11.26,18.0,4.44,34.0,8.0,8.0,0.88,0.84,3.54,0.0,1.0,1.0,16.0,0.0,0.0
8477831,2023,Pheonix Copley,LAK,G,5on4,7,2121.0,1.11,3.0,12.0,0.47,0.0,1.1,1.0,8.75,8.0,1.14,0.0,2.91,1.0,6.12,7.0,1.11,7.0,4.0,1.0,0.12,0.65,0.35,1.0,2.0,0.0,0.0,0.0,0.0
8476412,2023,Jordan Binnington,STL,G,other,19,1506.0,4.68,3.0,49.0,2.16,3.0,4.98,1.0,27.77,24.0,0.47,0.0,16.32,20.0,7.87,9.0,4.37,23.0,6.0,8.0,0.96,0.78,2.94,1.0,0.0,2.0,12.0,0.0,0.0
8476412,2023,Jordan Binnington,STL,G,all,19,63818.0,62.72,53.0,1182.0,43.96,69.0,152.77,43.0,633.03,605.0,16.29,1.0,344.4,394.0,244.81,307.0,59.27,627.0,168.0,75.0,18.3,20.46,23.97,19.0,20.0,14.0,312.0,0.0,0.0
8476412,2023,Jordan Binnington,STL,G,5on5,19,52066.0,46.11,40.0,968.0,33.48,53.0,127.48,36.0,510.45,493.0,12.83,1.0,276.0,320.0,203.71,252.0,43.76,520.0,134.0,50.0,15.32,16.32,14.48,16.0,20.0,4.0,264.0,0.0,0.0
8476412,2023,Jordan Binnington,STL,G,4on5,19,5274.0,9.9,8.0,146.0,7.53,13.0,18.2,6.0,82.14,76.0,0.51,0.0,47.67,54.0,26.04,31.0,9.11,75.0,24.0,13.0,1.76,2.75,5.39,2.0,0.0,6.0,34.0,0.0,0.0
8476412,2023,Jordan Binnington,STL,G,5on4,19,4972.0,1.75,2.0,15.0,0.67,0.0,1.66,0.0,10.48,10.0,2.42,0.0,3.46,0.0,6.09,12.0,1.75,8.0,2.0,4.0,0.24,0.35,1.16,0.0,0.0,2.0,1.0,0.0,0.0
8480992,2023,Magnus Chrona,SJS,G,other,1,94.0,0.02,0.0,1.0,0.03,0.0,0.15,0.0,0.77,1.0,0.0,0.0,0.29,0.0,0.49,1.0,0.02,1.0,0.0,0.0,0.02,0.0,0.0,0.0,0.0,0.0,0.0,0.0,0.0
8480992,2023,Magnus Chrona,SJS,G,all,1,1830.0,2.26,4.0,32.0,1.4,2.0,3.87,0.0,17.36,17.0,0.39,0.0,8.03,10.0,6.79,7.0,2.22,15.0,5.0,3.0,0.43,0.86,0.96,1.0,1.0,2.0,9.0,0.0,0.0
8480992,2023,Magnus Chrona,SJS,G,5on5,1,1254.0,2.05,3.0,25.0,1.13,2.0,3.41,0.0,14.5,14.0,0.27,0.0,6.46,9.0,5.38,5.0,2.01,12.0,4.0,3.0,0.39,0.7,0.96,0.0,1.0,2.0,6.0,0.0,0.0
8480992,2023,Magnus Chrona,SJS,G,4on5,1,240.0,0.03,1.0,5.0,0.21,0.0,0.21,0.0,1.31,1.0,0.04,0.0,1.07,1.0,0.44,0.0,0.03,2.0,0.0,0.0,0.03,0.0,0.0,1.0,0.0,0.0,3.0,0.0,0.0
8480992,2023,Magnus Chrona,SJS,G,5on4,1,242.0,0.16,0.0,1.0,0.03,0.0,0.1,0.0,0.78,1.0,0.09,0.0,0.21,0.0,0.47,1.0,0.16,0.0,1.0,0.0,0.0,0.16,0.0,0.0,0.0,0.0,0.0,0.0,0.0
8478492,2023,Ilya Samsonov,TOR,G,other,10,469.0,0.74,2.0,22.0,0.7,0.0,2.38,2.0,10.98,12.0,0.32,0.0,5.98,6.0,4.83,5.0,0.72,13.0,2.0,0.0,0.56,0.19,0.0,2.0,0.0,0.0,7.0,0.0,0.0
8478492,2023,Ilya Samsonov,TOR,G,all,10,31203.0,26.25,31.0,519.0,17.8,26.0,66.16,33.0,269.77,255.0,9.53,4.0,145.47,153.0,105.28,126.0,25.29,274.0,70.0,26.0,7.95,8.52,9.79,14.0,9.0,8.0,149.0,0.0,0.0
8478492,2023,Ilya Samsonov,TOR,G,5on5,10,25284.0,17.68,20.0,390.0,13.25,24.0,53.44,21.0,205.29,191.0,7.46,4.0,109.24,117.0,80.4,98.0,16.85,211.0,51.0,19.0,5.77,6.32,5.6,10.0,7.0,3.0,109.0,0.0,0.0
8478492,2023,Ilya Samsonov,TOR,G,4on5,10,2975.0,6.86,9.0,85.0,3.1,2.0,8.33,9.0,41.69,41.0,0.46,0.0,24.96,23.0,13.42,15.0,6.76,38.0,13.0,7.0,1.15,1.52,4.19,2.0,2.0,5.0,27.0,0.0,0.0
8478492,2023,Ilya Samsonov,TOR,G,5on4,10,2475.0,0.38,0.0,9.0,0.23,0.0,0.57,0.0,4.4,4.0,1.18,0.0,1.41,2.0,3.29,4.0,0.38,5.0,1.0,0.0,0.24,0.14,0.0,0.0,0.0,0.0,3.0,0.0,0.0
8479973,2023,Stuart Skinner,EDM,G,other,18,1840.0,3.52,3.0,44.0,1.78,1.0,4.7,1.0,24.32,24.0,0.59,0.0,12.84,11.0,9.26,16.0,3.46,18.0,11.0,4.0,0.71,1.34,1.46,0.0,2.0,1.0,11.0,0.0,0.0
8479973,2023,Stuart Skinner,EDM,G,all,18,60520.0,43.22,51.0,894.0,31.89,37.0,116.5,32.0,473.37,460.0,20.18,2.0,255.22,293.0,185.25,231.0,42.3,486.0,119.0,43.0,13.76,14.74,14.73,15.0,18.0,18.0,246.0,0.0,0.0
8479973,2023,Stuart Skinner,EDM,G,5on5,18,48515.0,28.95,33.0,674.0,22.69,31.0,91.82,27.0,356.51,348.0,16.1,2.0,189.77,219.0,142.87,175.0,28.38,374.0,90.0,24.0,10.92,11.31,6.73,11.0,13.0,9.0,186.0,0.0,0.0
8479973,2023,Stuart Skinner,EDM,G,4on5,18,5488.0,10.0,14.0,162.0,6.96,5.0,18.56,3.0,83.78,79.0,0.5,0.0,49.68,60.0,26.94,33.0,9.72,84.0,18.0,13.0,1.89,2.09,6.03,4.0,3.0,7.0,47.0,0.0,0.0
8479973,2023,Stuart Skinner,EDM,G,5on4,18,4677.0,0.75,1.0,14.0,0.45,0.0,1.41,1.0,8.76,9.0,3.0,0.0,2.92,3.0,6.19,7.0,0.75,10.0,0.0,2.0,0.24,0.0,0.52,0.0,0.0,1.0,2.0,0.0,0.0
8477970,2023,Vitek Vanecek,NJD,G,other,16,1675.0,2.87,2.0,34.0,1.4,0.0,3.32,1.0,17.31,18.0,0.35,0.0,10.43,15.0,4.46,5.0,2.8,14.0,6.0,3.0,0.63,0.83,1.41,0.0,0.0,2.0,11.0,0.0,0.0
8477970,2023,Vitek Vanecek,NJD,G,all,16,51060.0,43.73,51.0,747.0,29.45,41.0,97.15,14.0,417.25,414.0,15.82,2.0,222.98,256.0,160.63,203.0,41.46,408.0,107.0,53.0,11.86,13.2,18.66,14.0,16.0,21.0,179.0,0.0,0.0
8477970,2023,Vitek Vanecek,NJD,G,5on5,16,41427.0,28.06,36.0,568.0,20.73,31.0,77.87,11.0,315.95,315.0,13.17,1.0,167.28,192.0,126.3,158.0,27.22,319.0,80.0,32.0,9.36,10.02,8.68,11.0,15.0,10.0,137.0,0.0,0.0
8477970,2023,Vitek Vanecek,NJD,G,4on5,16,4515.0,11.73,12.0,130.0,6.79,10.0,14.61,2.0,72.52,69.0,0.36,0.0,41.89,45.0,21.49,30.0,10.41,64.0,18.0,17.0,1.41,1.96,8.36,3.0,0.0,9.0,31.0,0.0,0.0
8477970,2023,Vitek Vanecek,NJD,G,5on4,16,3443.0,1.07,1.0,15.0,0.52,0.0,1.35,0.0,11.47,12.0,1.94,1.0,3.37,4.0,8.38,10.0,1.02,11.0,3.0,1.0,0.46,0.4,0.21,0.0,1.0,0.0,0.0,0.0,0.0
8475717,2023,Calvin Pickard,EDM,G,other,2,239.0,0.1,1.0,3.0,0.07,0.0,0.25,0.0,1.43,2.0,0.07,0.0,0.73,0.0,0.8,1.0,0.1,2.0,0.0,0.0,0.1,0.0,0.0,1.0,0.0,0.0,1.0,0.0,0.0
8475717,2023,Calvin Pickard,EDM,G,all,2,6115.0,3.91,5.0,86.0,2.99,5.0,10.68,7.0,43.52,45.0,1.69,0.0,23.43,22.0,16.51,20.0,3.79,43.0,12.0,4.0,1.32,1.57,1.02,4.0,0.0,1.0,27.0,2.0,1.0
8475717,2023,Calvin Pickard,EDM,G,5on5,2,4557.0,3.12,3.0,67.0,2.38,5.0,9.05,7.0,35.69,36.0,1.37,0.0,18.72,16.0,13.49,17.0,3.01,35.0,9.0,4.0,0.96,1.15,1.02,2.0,0.0,1.0,19.0,2.0,1.0
8475717,2023,Calvin Pickard,EDM,G,4on5,2,767.0,0.69,1.0,16.0,0.54,0.0,1.38,0.0,6.4,7.0,0.08,0.0,3.97,6.0,2.22,2.0,0.68,6.0,3.0,0.0,0.27,0.42,0.0,1.0,0.0,0.0,7.0,0.0,0.0
8475717,2023,Calvin Pickard,EDM,G,5on4,2,552.0,0.0,0.0,0.0,0.0,0.0,0.0,0.0,0.0,0.0,0.16,0.0,0.0,0.0,0.0,0.0,0.0,0.0,0.0,0.0,0.0,0.0,0.0,0.0,0.0,0.0,0.0,0.0,0.0
8478916,2023,Joey Daccord,SEA,G,other,13,1140.0,3.33,4.0,32.0,1.38,1.0,4.34,2.0,21.92,18.0,0.52,0.0,10.47,9.0,8.83,13.0,3.18,21.0,5.0,3.0,0.8,0.63,1.9,0.0,1.0,3.0,3.0,0.0,0.0
8478916,2023,Joey Daccord,SEA,G,all,13,45636.0,32.51,37.0,723.0,25.39,36.0,100.14,25.0,390.54,362.0,13.03,1.0,212.95,273.0,155.79,166.0,31.16,421.0,86.0,33.0,11.45,10.1,10.95,10.0,14.0,13.0,183.0,0.0,0.0
8478916,2023,Joey Daccord,SEA,G,5on5,13,37953.0,22.95,23.0,570.0,18.84,31.0,82.31,21.0,304.71,285.0,10.3,0.0,165.17,221.0,121.31,123.0,21.86,333.0,65.0,23.0,8.56,7.61,6.78,6.0,9.0,8.0,149.0,0.0,0.0
8478916,2023,Joey Daccord,SEA,G,4on5,13,3199.0,4.7,7.0,99.0,4.32,3.0,11.25,2.0,50.42,44.0,0.45,1.0,31.97,39.0,17.09,19.0,4.58,55.0,12.0,4.0,1.79,1.39,1.52,3.0,3.0,1.0,28.0,0.0,0.0
8478916,2023,Joey Daccord,SEA,G,5on4,13,3344.0,1.17,1.0,15.0,0.51,0.0,1.44,0.0,9.55,11.0,1.56,0.0,3.21,3.0,6.36,9.0,1.16,9.0,1.0,3.0,0.24,0.17,0.76,0.0,0.0,1.0,2.0,0.0,0.0
8478406,2023,Mackenzie Blackwood,SJS,G,other,18,1466.0,5.27,5.0,54.0,2.67,4.0,5.75,4.0,30.02,27.0,0.36,0.0,18.97,21.0,8.25,8.0,4.33,21.0,13.0,8.0,0.86,1.6,2.81,1.0,2.0,2.0,12.0,0.0,0.0
8478406,2023,Mackenzie Blackwood,SJS,G,all,18,58090.0,60.21,60.0,1164.0,43.37,54.0,136.05,35.0,585.8,592.0,14.78,3.0,323.27,394.0,223.29,261.0,56.92,568.0,180.0,58.0,17.47,22.23,20.52,27.0,20.0,13.0,358.0,2.0,1.0
8478406,2023,Mackenzie Blackwood,SJS,G,5on5,18,46405.0,37.27,40.0,861.0,29.38,40.0,105.58,23.0,427.47,439.0,11.69,2.0,232.62,282.0,169.7,202.0,35.84,438.0,120.0,31.0,13.54,14.56,9.17,22.0,15.0,3.0,272.0,2.0,1.0
8478406,2023,Mackenzie Blackwood,SJS,G,4on5,18,5832.0,15.39,13.0,214.0,10.17,8.0,21.47,7.0,107.08,104.0,0.56,0.0,64.79,85.0,31.56,34.0,14.54,90.0,41.0,16.0,2.47,5.29,7.63,4.0,2.0,7.0,67.0,0.0,0.0
8478406,2023,Mackenzie Blackwood,SJS,G,5on4,18,4387.0,1.99,2.0,31.0,0.98,2.0,2.66,1.0,18.22,20.0,2.1,1.0,5.58,6.0,12.24,13.0,1.91,16.0,5.0,3.0,0.42,0.66,0.91,0.0,1.0,1.0,7.0,0.0,0.0
8478971,2023,Connor Ingram,ARI,G,other,15,1775.0,3.09,1.0,53.0,2.15,2.0,5.81,1.0,27.25,25.0,0.46,0.0,17.82,25.0,8.02,9.0,2.71,28.0,5.0,5.0,1.08,0.61,1.4,1.0,0.0,0.0,15.0,0.0,0.0
8478971,2023,Connor Ingram,ARI,G,all,15,50020.0,43.21,31.0,910.0,33.16,51.0,115.88,32.0,471.6,442.0,14.27,5.0,262.47,300.0,185.63,240.0,41.0,497.0,113.0,47.0,13.59,13.92,15.7,15.0,7.0,9.0,253.0,0.0,0.0
8478971,2023,Connor Ingram,ARI,G,5on5,15,39644.0,30.11,21.0,698.0,23.73,41.0,92.16,26.0,359.16,327.0,10.99,4.0,193.85,218.0,146.52,191.0,28.79,380.0,91.0,28.0,10.82,11.31,7.98,13.0,5.0,3.0,199.0,0.0,0.0
8478971,2023,Connor Ingram,ARI,G,4on5,15,4715.0,8.96,8.0,143.0,6.75,7.0,16.56,5.0,75.85,81.0,0.43,0.0,47.36,55.0,24.79,31.0,8.46,81.0,13.0,13.0,1.49,1.48,5.99,0.0,2.0,6.0,36.0,0.0,0.0
8478971,2023,Connor Ingram,ARI,G,5on4,15,3886.0,1.0,1.0,14.0,0.5,1.0,1.15,0.0,8.56,8.0,2.15,1.0,3.08,2.0,5.95,8.0,0.99,7.0,4.0,1.0,0.16,0.52,0.32,1.0,0.0,0.0,2.0,0.0,0.0
8480981,2023,Joel Hofer,STL,G,other,9,994.0,1.18,0.0,19.0,0.65,0.0,1.6,0.0,8.99,5.0,0.35,1.0,5.51,10.0,2.77,2.0,1.1,6.0,5.0,1.0,0.23,0.61,0.34,0.0,0.0,0.0,7.0,0.0,0.0
8480981,2023,Joel Hofer,STL,G,all,9,26048.0,21.04,22.0,407.0,15.74,21.0,55.62,24.0,230.8,222.0,7.58,2.0,126.32,139.0,92.49,110.0,20.34,240.0,58.0,21.0,6.81,6.93,7.3,6.0,11.0,5.0,88.0,0.0,0.0
8480981,2023,Joel Hofer,STL,G,5on5,9,21340.0,15.91,16.0,352.0,13.08,20.0,49.12,22.0,196.5,195.0,5.94,1.0,108.28,117.0,80.91,96.0,15.38,212.0,48.0,14.0,6.21,5.68,4.02,6.0,10.0,0.0,78.0,0.0,0.0
8480981,2023,Joel Hofer,STL,G,4on5,9,1295.0,3.68,6.0,30.0,1.84,1.0,4.31,2.0,21.31,17.0,0.19,0.0,11.36,11.0,6.11,8.0,3.58,18.0,4.0,6.0,0.26,0.48,2.94,0.0,1.0,5.0,2.0,0.0,0.0
8480981,2023,Joel Hofer,STL,G,5on4,9,2419.0,0.27,0.0,6.0,0.17,0.0,0.59,0.0,3.99,5.0,1.1,0.0,1.17,1.0,2.7,4.0,0.27,4.0,1.0,0.0,0.12,0.15,0.0,0.0,0.0,0.0,1.0,0.0,0.0
8478470,2023,Sam Montembeault,MTL,G,other,11,1328.0,3.64,5.0,57.0,2.55,2.0,6.02,2.0,30.12,32.0,0.73,0.0,16.59,22.0,9.17,8.0,3.6,29.0,5.0,5.0,0.87,0.62,2.15,0.0,2.0,3.0,18.0,0.0,0.0
8478470,2023,Sam Montembeault,MTL,G,all,11,39196.0,32.09,29.0,664.0,23.53,34.0,83.21,15.0,345.34,334.0,11.71,3.0,186.94,227.0,134.75,162.0,31.42,370.0,65.0,37.0,9.79,7.89,14.41,8.0,9.0,12.0,192.0,0.0,0.0
8478470,2023,Sam Montembeault,MTL,G,5on5,11,30995.0,19.2,12.0,485.0,15.76,24.0,64.03,10.0,249.35,239.0,8.73,2.0,136.78,172.0,100.8,122.0,18.73,271.0,56.0,18.0,7.74,6.86,4.6,6.0,6.0,0.0,140.0,0.0,0.0
8478470,2023,Sam Montembeault,MTL,G,4on5,11,3229.0,7.92,9.0,102.0,4.51,7.0,10.81,2.0,50.78,47.0,0.39,0.0,28.83,30.0,14.35,20.0,7.76,54.0,2.0,12.0,0.71,0.2,7.01,1.0,0.0,8.0,34.0,0.0,0.0
8478470,2023,Sam Montembeault,MTL,G,5on4,11,3644.0,1.33,3.0,20.0,0.7,1.0,2.34,1.0,15.09,16.0,1.87,1.0,4.75,3.0,10.43,12.0,1.33,16.0,2.0,2.0,0.48,0.21,0.64,1.0,1.0,1.0,0.0,0.0,0.0
8477484,2023,Spencer Martin,CBJ,G,other,10,753.0,2.55,3.0,34.0,1.04,2.0,2.0,0.0,12.27,12.0,0.16,0.0,7.21,9.0,2.81,2.0,2.31,7.0,6.0,3.0,0.28,0.74,1.53,0.0,1.0,2.0,18.0,0.0,0.0
8477484,2023,Spencer Martin,CBJ,G,all,10,32657.0,29.9,29.0,622.0,23.38,40.0,74.91,21.0,321.34,295.0,8.71,1.0,180.38,171.0,127.31,182.0,28.61,345.0,69.0,33.0,10.4,8.23,11.27,11.0,9.0,9.0,175.0,0.0,0.0
8477484,2023,Spencer Martin,CBJ,G,5on5,10,26061.0,20.65,19.0,487.0,17.17,31.0,61.56,16.0,252.2,230.0,7.25,1.0,141.58,132.0,104.25,152.0,19.87,281.0,53.0,20.0,8.76,6.19,5.7,7.0,8.0,4.0,133.0,0.0,0.0
8477484,2023,Spencer Martin,CBJ,G,4on5,10,2859.0,5.17,5.0,89.0,4.5,6.0,9.86,5.0,47.42,43.0,0.15,0.0,28.86,29.0,15.0,20.0,4.98,50.0,9.0,6.0,1.13,1.16,2.89,3.0,0.0,2.0,24.0,0.0,0.0
8477484,2023,Spencer Martin,CBJ,G,5on4,10,2984.0,1.53,2.0,12.0,0.68,1.0,1.5,0.0,9.45,10.0,1.15,0.0,2.74,1.0,5.25,8.0,1.45,7.0,1.0,4.0,0.23,0.15,1.15,1.0,0.0,1.0,0.0,0.0,0.0
8478499,2023,Adin Hill,VGK,G,other,14,834.0,2.77,3.0,29.0,1.11,0.0,3.36,2.0,17.08,18.0,0.45,0.0,8.93,10.0,7.23,9.0,2.53,14.0,5.0,5.0,0.51,0.52,1.74,2.0,0.0,1.0,5.0,0.0,0.0
8478499,2023,Adin Hill,VGK,G,all,14,50083.0,38.63,26.0,877.0,29.78,40.0,105.45,38.0,430.46,404.0,14.27,0.0,240.51,275.0,174.55,224.0,36.82,468.0,91.0,45.0,13.37,10.78,14.48,10.0,8.0,8.0,273.0,0.0,0.0
8478499,2023,Adin Hill,VGK,G,5on5,14,39719.0,26.82,19.0,683.0,21.94,33.0,84.26,31.0,330.15,310.0,10.93,0.0,182.85,209.0,136.38,171.0,25.74,368.0,69.0,27.0,10.71,8.31,7.81,8.0,7.0,4.0,219.0,0.0,0.0
8478499,2023,Adin Hill,VGK,G,4on5,14,4804.0,7.84,3.0,148.0,6.02,6.0,15.9,5.0,71.63,61.0,0.41,0.0,44.53,55.0,23.34,31.0,7.36,75.0,13.0,12.0,1.71,1.47,4.65,0.0,1.0,2.0,48.0,0.0,0.0
8478499,2023,Adin Hill,VGK,G,5on4,14,4726.0,0.83,1.0,14.0,0.55,1.0,1.47,0.0,9.15,12.0,2.33,0.0,3.34,1.0,6.51,10.0,0.83,10.0,2.0,1.0,0.38,0.18,0.28,0.0,0.0,1.0,1.0,0.0,0.0
8479193,2023,Casey DeSmith,VAN,G,other,8,1017.0,3.02,6.0,27.0,1.41,1.0,2.93,1.0,16.17,16.0,0.32,0.0,10.2,9.0,4.81,6.0,2.89,13.0,5.0,5.0,0.5,0.58,1.93,1.0,1.0,4.0,4.0,0.0,0.0
8479193,2023,Casey DeSmith,VAN,G,all,8,25855.0,21.55,22.0,462.0,16.48,30.0,58.23,6.0,239.79,228.0,7.01,1.0,131.38,153.0,95.05,120.0,20.39,249.0,57.0,25.0,6.74,7.08,7.73,8.0,3.0,11.0,131.0,0.0,0.0
8479193,2023,Casey DeSmith,VAN,G,5on5,8,20704.0,14.06,12.0,364.0,11.91,24.0,47.1,5.0,183.89,175.0,4.99,1.0,99.01,118.0,74.6,94.0,13.39,199.0,39.0,15.0,5.06,4.87,4.13,6.0,1.0,5.0,111.0,0.0,0.0
8479193,2023,Casey DeSmith,VAN,G,4on5,8,1709.0,4.22,4.0,60.0,2.88,5.0,6.97,0.0,32.71,30.0,0.17,0.0,19.51,24.0,10.31,12.0,3.86,28.0,12.0,5.0,1.01,1.53,1.68,1.0,1.0,2.0,15.0,0.0,0.0
8479193,2023,Casey DeSmith,VAN,G,5on4,8,2425.0,0.26,0.0,11.0,0.28,0.0,1.23,0.0,7.01,7.0,1.53,0.0,2.66,2.0,5.33,8.0,0.25,9.0,1.0,0.0,0.16,0.09,0.0,0.0,0.0,0.0,1.0,0.0,0.0
8475311,2023,Darcy Kuemper,WSH,G,other,13,1015.0,2.32,2.0,40.0,1.83,2.0,4.92,0.0,24.45,19.0,0.42,0.0,13.3,18.0,9.74,11.0,2.29,23.0,9.0,1.0,0.79,1.2,0.33,1.0,0.0,1.0,7.0,0.0,0.0
8475311,2023,Darcy Kuemper,WSH,G,all,13,44656.0,38.37,40.0,718.0,25.39,35.0,88.07,9.0,367.76,354.0,13.0,2.0,197.92,222.0,145.82,200.0,35.54,371.0,88.0,49.0,10.62,11.01,16.74,15.0,13.0,12.0,210.0,0.0,0.0
8475311,2023,Darcy Kuemper,WSH,G,5on5,13,35624.0,24.21,27.0,529.0,16.97,25.0,66.92,7.0,264.4,260.0,9.82,1.0,141.91,156.0,108.03,150.0,23.4,275.0,62.0,30.0,7.73,7.65,8.82,12.0,10.0,5.0,162.0,0.0,0.0
8475311,2023,Darcy Kuemper,WSH,G,4on5,13,4281.0,10.77,10.0,130.0,5.91,8.0,14.28,2.0,66.47,63.0,0.32,0.0,38.26,44.0,19.57,27.0,8.8,61.0,13.0,17.0,1.82,1.6,7.34,2.0,3.0,5.0,39.0,0.0,0.0
8475311,2023,Darcy Kuemper,WSH,G,5on4,13,3736.0,0.82,0.0,18.0,0.61,0.0,1.79,0.0,11.53,11.0,2.44,1.0,4.2,4.0,8.18,12.0,0.81,12.0,4.0,0.0,0.28,0.55,0.0,0.0,0.0,0.0,2.0,0.0,0.0
8476316,2023,Laurent Brossoit,WPG,G,other,6,443.0,1.32,1.0,28.0,1.19,1.0,3.27,1.0,13.47,13.0,0.24,1.0,7.36,10.0,4.3,5.0,0.95,14.0,2.0,2.0,0.45,0.18,0.69,1.0,0.0,0.0,10.0,0.0,0.0
8476316,2023,Laurent Brossoit,WPG,G,all,6,21773.0,14.86,16.0,353.0,12.17,18.0,45.88,14.0,177.99,165.0,6.14,4.0,97.61,109.0,70.21,89.0,13.98,192.0,38.0,17.0,4.8,4.58,5.49,6.0,6.0,4.0,106.0,0.0,0.0
8476316,2023,Laurent Brossoit,WPG,G,5on5,6,18608.0,11.12,11.0,275.0,8.96,17.0,37.12,11.0,139.02,131.0,5.43,2.0,75.08,81.0,55.85,73.0,10.62,149.0,32.0,12.0,3.93,3.87,3.31,5.0,4.0,2.0,82.0,0.0,0.0
8476316,2023,Laurent Brossoit,WPG,G,4on5,6,1426.0,2.22,4.0,45.0,1.81,0.0,4.94,2.0,21.7,18.0,0.11,0.0,13.96,17.0,7.32,7.0,2.21,25.0,3.0,3.0,0.31,0.42,1.49,0.0,2.0,2.0,14.0,0.0,0.0
8476316,2023,Laurent Brossoit,WPG,G,5on4,6,1296.0,0.2,0.0,5.0,0.21,0.0,0.54,0.0,3.81,3.0,0.36,1.0,1.21,1.0,2.74,4.0,0.2,4.0,1.0,0.0,0.1,0.1,0.0,0.0,0.0,0.0,0.0,0.0,0.0
8480045,2023,Ukko-Pekka Luukkonen,BUF,G,other,13,778.0,1.58,1.0,17.0,0.89,1.0,2.3,0.0,10.85,9.0,0.19,0.0,5.92,5.0,3.92,8.0,1.48,8.0,4.0,3.0,0.3,0.47,0.81,0.0,0.0,1.0,2.0,0.0,0.0
8480045,2023,Ukko-Pekka Luukkonen,BUF,G,all,13,42229.0,33.85,34.0,721.0,26.54,32.0,92.77,18.0,377.97,356.0,11.68,2.0,207.15,233.0,146.55,202.0,32.29,378.0,111.0,31.0,10.97,14.08,8.8,17.0,11.0,6.0,201.0,4.0,2.0
8480045,2023,Ukko-Pekka Luukkonen,BUF,G,5on5,13,34856.0,27.16,27.0,569.0,19.64,28.0,76.18,14.0,300.15,278.0,10.1,1.0,158.85,181.0,117.64,159.0,25.81,294.0,92.0,24.0,8.49,11.69,6.97,14.0,9.0,4.0,159.0,4.0,2.0
8480045,2023,Ukko-Pekka Luukkonen,BUF,G,4on5,13,3703.0,4.27,5.0,122.0,5.46,3.0,12.97,4.0,58.79,60.0,0.14,0.0,39.12,46.0,19.25,25.0,4.16,69.0,11.0,3.0,2.09,1.41,0.78,3.0,1.0,1.0,39.0,0.0,0.0
8480045,2023,Ukko-Pekka Luukkonen,BUF,G,5on4,13,2892.0,0.84,1.0,13.0,0.55,0.0,1.31,0.0,8.19,9.0,1.25,1.0,3.26,1.0,5.74,10.0,0.84,7.0,4.0,1.0,0.09,0.52,0.24,0.0,1.0,0.0,1.0,0.0,0.0
8480382,2023,Alexandar Georgiev,COL,G,other,21,2777.0,6.91,6.0,85.0,4.45,8.0,10.24,1.0,49.3,52.0,0.82,0.0,27.76,33.0,13.74,17.0,6.39,38.0,16.0,11.0,1.32,2.16,3.43,2.0,1.0,3.0,20.0,0.0,0.0
8480382,2023,Alexandar Georgiev,COL,G,all,21,74374.0,65.1,59.0,1160.0,44.47,64.0,143.46,27.0,624.85,594.0,22.82,3.0,328.42,368.0,237.0,315.0,59.77,592.0,159.0,88.0,16.87,19.56,28.67,20.0,21.0,18.0,321.0,0.0,0.0
8480382,2023,Alexandar Georgiev,COL,G,5on5,21,57184.0,39.3,40.0,858.0,29.54,41.0,109.63,18.0,453.34,419.0,17.41,2.0,240.3,264.0,179.75,247.0,37.48,466.0,96.0,51.0,12.88,11.64,14.78,17.0,14.0,9.0,245.0,0.0,0.0
8480382,2023,Alexandar Georgiev,COL,G,4on5,21,6990.0,14.82,9.0,179.0,8.61,10.0,19.53,7.0,93.52,93.0,0.62,0.0,52.0,65.0,27.11,32.0,12.24,71.0,36.0,18.0,2.26,4.38,8.18,1.0,4.0,4.0,54.0,0.0,0.0
8480382,2023,Alexandar Georgiev,COL,G,5on4,21,7423.0,4.07,4.0,38.0,1.86,5.0,4.07,1.0,28.7,30.0,3.98,1.0,8.36,6.0,16.4,19.0,3.66,17.0,11.0,8.0,0.4,1.38,2.29,0.0,2.0,2.0,2.0,0.0,0.0
8477424,2023,Juuse Saros,NSH,G,other,20,1501.0,3.57,3.0,35.0,1.64,4.0,3.67,0.0,18.76,17.0,0.69,0.0,10.07,10.0,5.36,8.0,3.19,8.0,11.0,6.0,0.31,1.26,2.0,1.0,1.0,1.0,10.0,0.0,0.0
8477424,2023,Juuse Saros,NSH,G,all,20,66531.0,50.03,56.0,1076.0,38.61,55.0,139.87,28.0,564.1,559.0,19.12,2.0,298.91,359.0,221.76,270.0,48.1,578.0,139.0,52.0,16.14,17.21,16.68,24.0,15.0,17.0,307.0,0.0,0.0
8477424,2023,Juuse Saros,NSH,G,5on5,20,52769.0,35.72,39.0,862.0,29.17,42.0,117.32,24.0,452.67,450.0,13.94,1.0,239.47,289.0,182.25,225.0,34.5,479.0,108.0,33.0,13.05,13.67,8.99,22.0,12.0,5.0,242.0,0.0,0.0
8477424,2023,Juuse Saros,NSH,G,4on5,20,5615.0,8.87,12.0,153.0,7.02,9.0,16.35,4.0,75.63,75.0,0.58,0.0,44.03,53.0,23.19,24.0,8.53,73.0,19.0,10.0,2.03,2.17,4.66,1.0,2.0,9.0,51.0,0.0,0.0
8477424,2023,Juuse Saros,NSH,G,5on4,20,6646.0,1.63,2.0,21.0,0.6,0.0,1.94,0.0,14.14,15.0,3.87,1.0,4.05,5.0,9.39,11.0,1.63,15.0,0.0,3.0,0.6,0.0,1.02,0.0,0.0,2.0,3.0,0.0,0.0
8473503,2023,James Reimer,DET,G,other,6,605.0,1.86,3.0,21.0,1.18,1.0,2.48,1.0,13.4,15.0,0.3,0.0,6.03,7.0,5.01,5.0,1.86,8.0,6.0,3.0,0.28,0.7,0.89,1.0,1.0,1.0,4.0,4.0,2.0
8473503,2023,James Reimer,DET,G,all,6,21912.0,14.55,14.0,334.0,12.24,17.0,44.12,21.0,177.69,168.0,6.09,0.0,96.16,99.0,69.96,92.0,14.2,186.0,40.0,17.0,4.96,4.92,4.68,6.0,5.0,3.0,91.0,4.0,2.0
8473503,2023,James Reimer,DET,G,5on5,6,16723.0,9.96,9.0,238.0,7.98,14.0,33.29,17.0,128.59,122.0,4.28,0.0,68.33,65.0,52.12,71.0,9.69,141.0,23.0,12.0,3.89,2.92,3.14,5.0,3.0,1.0,62.0,0.0,0.0
8473503,2023,James Reimer,DET,G,4on5,6,2252.0,2.38,2.0,68.0,2.94,2.0,7.73,3.0,31.87,28.0,0.19,0.0,20.78,26.0,10.07,12.0,2.29,33.0,11.0,1.0,0.7,1.3,0.38,0.0,1.0,1.0,23.0,0.0,0.0
8473503,2023,James Reimer,DET,G,5on4,6,2332.0,0.35,0.0,7.0,0.14,0.0,0.62,0.0,3.83,3.0,1.32,0.0,1.03,1.0,2.76,4.0,0.35,4.0,0.0,1.0,0.09,0.0,0.27,0.0,0.0,0.0,2.0,0.0,0.0
8478024,2023,Ville Husso,DET,G,other,13,1768.0,2.59,2.0,38.0,1.44,1.0,4.43,0.0,22.37,18.0,0.76,0.0,11.58,12.0,9.23,15.0,2.55,19.0,9.0,2.0,0.82,1.09,0.67,0.0,1.0,1.0,8.0,0.0,0.0
8478024,2023,Ville Husso,DET,G,all,13,46616.0,42.14,45.0,869.0,31.96,56.0,115.22,14.0,461.17,411.0,13.06,3.0,249.59,289.0,178.44,228.0,39.87,471.0,120.0,43.0,13.89,15.33,12.92,19.0,18.0,8.0,235.0,0.0,0.0
8478024,2023,Ville Husso,DET,G,5on5,13,36419.0,26.81,30.0,670.0,22.2,38.0,90.58,12.0,344.07,305.0,10.09,3.0,189.95,222.0,137.05,175.0,25.6,375.0,83.0,21.0,10.56,10.51,5.73,14.0,15.0,1.0,191.0,0.0,0.0
8478024,2023,Ville Husso,DET,G,4on5,13,4082.0,11.36,11.0,140.0,7.71,17.0,18.17,1.0,79.54,73.0,0.4,0.0,43.72,54.0,21.94,23.0,10.36,63.0,25.0,18.0,2.17,3.38,5.81,4.0,2.0,5.0,34.0,0.0,0.0
8478024,2023,Ville Husso,DET,G,5on4,13,4347.0,1.31,2.0,20.0,0.55,0.0,1.93,1.0,14.44,14.0,1.74,0.0,3.99,0.0,9.83,15.0,1.29,13.0,3.0,2.0,0.26,0.35,0.7,1.0,0.0,1.0,2.0,0.0,0.0
8476341,2023,Anton Forsberg,OTT,G,other,9,842.0,1.54,1.0,22.0,0.66,1.0,1.75,2.0,9.13,9.0,0.35,1.0,6.15,7.0,2.58,2.0,1.52,8.0,4.0,1.0,0.27,0.36,0.91,0.0,0.0,1.0,9.0,0.0,0.0
8476341,2023,Anton Forsberg,OTT,G,all,9,29738.0,20.41,24.0,439.0,14.41,27.0,54.14,12.0,218.99,221.0,8.54,6.0,114.07,126.0,87.43,108.0,19.23,225.0,49.0,24.0,5.38,6.49,8.53,10.0,4.0,10.0,141.0,0.0,0.0
8476341,2023,Anton Forsberg,OTT,G,5on5,9,23005.0,15.4,18.0,338.0,10.74,22.0,43.59,8.0,170.4,173.0,6.45,2.0,84.0,90.0,69.48,90.0,14.28,169.0,43.0,17.0,4.56,5.95,4.9,10.0,4.0,4.0,109.0,0.0,0.0
8476341,2023,Anton Forsberg,OTT,G,4on5,9,2524.0,3.02,5.0,70.0,2.78,3.0,7.99,2.0,34.23,32.0,0.26,0.0,22.27,26.0,11.69,13.0,2.98,43.0,1.0,5.0,0.41,0.1,2.51,0.0,0.0,5.0,21.0,0.0,0.0
8476341,2023,Anton Forsberg,OTT,G,5on4,9,3367.0,0.45,0.0,9.0,0.23,1.0,0.81,0.0,5.23,7.0,1.49,3.0,1.66,3.0,3.68,3.0,0.45,5.0,1.0,1.0,0.15,0.08,0.22,0.0,0.0,0.0,2.0,0.0,0.0
8479292,2023,Charlie Lindgren,WSH,G,other,8,970.0,2.21,1.0,28.0,1.07,2.0,2.84,2.0,13.02,10.0,0.23,0.0,8.06,9.0,3.28,4.0,1.78,6.0,10.0,2.0,0.29,1.14,0.78,0.0,1.0,0.0,10.0,0.0,0.0
8479292,2023,Charlie Lindgren,WSH,G,all,8,27829.0,28.96,19.0,520.0,18.78,24.0,67.47,19.0,274.1,263.0,6.77,0.0,144.07,175.0,104.52,135.0,27.39,261.0,74.0,38.0,7.23,9.29,12.44,2.0,9.0,8.0,147.0,0.0,0.0
8479292,2023,Charlie Lindgren,WSH,G,5on5,8,21818.0,19.9,12.0,406.0,14.12,21.0,56.41,15.0,219.11,208.0,5.42,0.0,113.26,139.0,87.0,110.0,19.18,215.0,57.0,26.0,6.05,7.14,6.71,2.0,7.0,3.0,108.0,0.0,0.0
8479292,2023,Charlie Lindgren,WSH,G,4on5,8,2274.0,6.4,5.0,74.0,3.31,1.0,7.65,1.0,37.6,40.0,0.12,0.0,21.22,27.0,11.22,17.0,5.98,36.0,6.0,9.0,0.84,0.82,4.73,0.0,0.0,5.0,23.0,0.0,0.0
8479292,2023,Charlie Lindgren,WSH,G,5on4,8,2767.0,0.45,1.0,12.0,0.28,0.0,0.58,1.0,4.37,5.0,1.0,0.0,1.52,0.0,3.02,4.0,0.45,4.0,1.0,1.0,0.05,0.18,0.22,0.0,1.0,0.0,6.0,0.0,0.0
8480843,2023,Lukas Dostal,ANA,G,other,9,1059.0,2.19,2.0,36.0,1.41,0.0,3.5,0.0,18.19,18.0,0.38,0.0,11.3,16.0,5.98,7.0,1.69,13.0,11.0,1.0,0.55,1.41,0.23,1.0,1.0,0.0,11.0,0.0,0.0
8480843,2023,Lukas Dostal,ANA,G,all,9,29272.0,29.07,35.0,583.0,22.21,25.0,71.98,13.0,304.56,289.0,7.65,0.0,170.74,211.0,117.62,136.0,27.28,299.0,96.0,27.0,9.45,11.98,7.63,12.0,18.0,5.0,161.0,2.0,1.0
8480843,2023,Lukas Dostal,ANA,G,5on5,9,21760.0,17.19,27.0,408.0,14.39,19.0,52.87,13.0,211.02,200.0,5.51,0.0,116.23,141.0,86.1,92.0,16.4,226.0,54.0,14.0,6.76,6.89,3.54,10.0,15.0,2.0,114.0,2.0,1.0
8480843,2023,Lukas Dostal,ANA,G,4on5,9,3720.0,8.33,6.0,128.0,5.91,5.0,14.59,0.0,67.25,62.0,0.26,0.0,40.93,51.0,20.92,31.0,7.86,57.0,26.0,10.0,2.06,3.01,3.26,1.0,2.0,3.0,35.0,0.0,0.0
8480843,2023,Lukas Dostal,ANA,G,5on4,9,2733.0,1.35,0.0,11.0,0.51,1.0,1.02,0.0,8.1,9.0,1.5,0.0,2.27,3.0,4.61,6.0,1.32,3.0,5.0,2.0,0.08,0.67,0.6,0.0,0.0,0.0,1.0,0.0,0.0
8479394,2023,Carter Hart,PHI,G,other,15,1539.0,3.42,4.0,48.0,1.92,3.0,5.02,2.0,24.64,22.0,0.38,0.0,12.87,18.0,7.86,5.0,2.87,18.0,10.0,4.0,0.8,1.21,1.41,2.0,0.0,2.0,16.0,0.0,0.0
8479394,2023,Carter Hart,PHI,G,all,15,50810.0,35.29,36.0,859.0,28.95,39.0,105.8,30.0,426.05,416.0,15.04,2.0,231.51,262.0,170.53,215.0,33.81,462.0,92.0,33.0,13.24,11.9,10.15,20.0,7.0,9.0,272.0,0.0,0.0
8479394,2023,Carter Hart,PHI,G,5on5,15,40300.0,27.47,28.0,687.0,21.7,30.0,86.21,21.0,337.58,328.0,12.05,2.0,180.82,216.0,135.15,164.0,26.66,360.0,77.0,26.0,10.21,10.08,7.18,16.0,7.0,5.0,224.0,0.0,0.0
8479394,2023,Carter Hart,PHI,G,4on5,15,4102.0,3.57,4.0,103.0,4.54,5.0,12.23,7.0,50.34,47.0,0.52,0.0,32.62,26.0,17.21,29.0,3.46,65.0,4.0,3.0,1.56,0.45,1.56,2.0,0.0,2.0,31.0,0.0,0.0
8479394,2023,Carter Hart,PHI,G,5on4,15,4869.0,0.83,0.0,21.0,0.78,1.0,2.34,0.0,13.49,19.0,2.1,0.0,5.21,2.0,10.31,17.0,0.82,19.0,1.0,0.0,0.66,0.16,0.0,0.0,0.0,0.0,1.0,0.0,0.0
8476932,2023,Anthony Stolarz,FLA,G,other,6,788.0,0.68,2.0,15.0,0.59,0.0,1.66,0.0,7.54,8.0,0.31,0.0,5.21,6.0,2.62,3.0,0.66,9.0,1.0,1.0,0.35,0.09,0.25,0.0,1.0,1.0,4.0,0.0,0.0
8476932,2023,Anthony Stolarz,FLA,G,all,6,21515.0,16.32,14.0,304.0,11.5,31.0,43.14,12.0,169.68,167.0,7.58,1.0,92.19,87.0,66.68,91.0,15.76,167.0,48.0,21.0,4.14,5.76,6.43,3.0,5.0,6.0,68.0,2.0,1.0
8476932,2023,Anthony Stolarz,FLA,G,5on5,6,17442.0,11.86,7.0,240.0,8.94,28.0,36.53,12.0,136.66,133.0,5.91,1.0,73.38,64.0,54.24,78.0,11.41,138.0,38.0,14.0,3.29,4.66,3.9,3.0,3.0,1.0,50.0,2.0,1.0
8476932,2023,Anthony Stolarz,FLA,G,4on5,6,1688.0,3.45,5.0,42.0,1.73,3.0,4.31,0.0,20.76,20.0,0.15,0.0,11.73,15.0,6.09,5.0,3.35,14.0,9.0,5.0,0.37,1.01,2.07,0.0,1.0,4.0,14.0,0.0,0.0
8476932,2023,Anthony Stolarz,FLA,G,5on4,6,1597.0,0.33,0.0,7.0,0.25,0.0,0.65,0.0,4.72,6.0,1.22,0.0,1.88,2.0,3.73,5.0,0.33,6.0,0.0,1.0,0.12,0.0,0.21,0.0,0.0,0.0,0.0,0.0,0.0
