BUF,2023,BUF,BUF,Team Level,other,26,0.5,0.62,0.59,3592.0,57.4,10.79,4.48,10.31,2.1,34.19,17.13,10.25,10.79,10.25,52.0,27.0,34.0,113.0,7.0,4.0,0.0,0.0,0.0,45.0,23.0,45.0,72.0,1.0,2.0,25.0,5.0,5.0,6.0,49.0,15.0,15.0,1.75,1.76,7.28,0.0,1.0,6.0,113.0,79.0,79.0,2.0,1.37,0.86,0.86,11.3,11.3,10.79,40.67,10.62,2.79,6.92,1.37,20.44,13.86,9.2,10.62,9.2,34.0,22.0,14.0,70.0,9.0,7.0,2.0,1.0,2.0,16.0,21.0,25.0,47.0,1.0,2.0,41.0,3.0,7.0,5.0,26.0,12.0,18.0,1.12,1.43,8.07,2.0,2.0,5.0,70.0,56.0,56.0,4.0,0.8,2.95,2.95,8.47,8.47,7.81
BUF,2023,BUF,BUF,Team Level,all,26,0.48,0.49,0.49,94088.0,801.14,77.79,53.72,191.34,26.78,432.86,313.51,75.08,77.53,74.82,760.0,336.0,383.0,1479.0,74.0,70.0,7.0,22.0,6.0,523.0,401.0,686.0,1022.0,101.0,228.0,644.0,387.0,176.0,172.0,797.0,216.0,83.0,23.37,26.22,28.2,29.0,22.0,23.0,1461.75,1096.0,1085.25,87.0,12.05,14.08,14.08,75.76,75.46,73.71,834.57,85.21,59.51,199.8,28.58,449.95,317.95,80.7,86.53,81.96,775.0,366.0,422.0,1563.0,90.0,92.0,12.0,34.0,5.0,508.0,412.0,685.0,1051.0,94.0,209.0,799.0,510.0,171.0,213.0,807.0,244.0,90.0,23.73,30.81,30.67,31.0,33.0,26.0,1598.42,1141.0,1158.3,103.0,13.4,19.2,19.2,79.41,80.63,78.21
BUF,2023,BUF,BUF,Team Level,5on5,26,0.47,0.49,0.5,75719.0,624.88,51.65,40.07,156.16,20.95,332.56,252.61,50.31,51.39,50.05,590.0,264.0,296.0,1150.0,54.0,58.0,7.0,19.0,3.0,387.0,333.0,536.0,800.0,92.0,208.0,494.0,343.0,144.0,142.0,644.0,157.0,53.0,18.3,19.28,14.07,26.0,18.0,10.0,1132.75,854.0,843.25,72.0,8.31,11.19,11.73,48.24,47.94,47.3,626.75,57.92,41.84,157.44,21.59,330.68,243.53,55.58,59.24,56.85,577.0,276.0,337.0,1190.0,63.0,75.0,10.0,23.0,3.0,374.0,315.0,514.0,790.0,83.0,185.0,585.0,486.0,143.0,181.0,609.0,190.0,54.0,17.89,24.22,15.81,25.0,25.0,13.0,1225.42,853.0,870.3,92.0,8.73,14.97,14.97,51.68,52.9,51.87
BUF,2023,BUF,BUF,Team Level,4on5,26,0.07,0.08,0.08,8043.0,12.99,1.05,0.6,1.85,0.35,3.97,9.18,1.05,1.05,1.05,14.0,3.0,5.0,22.0,1.0,0.0,0.0,1.0,0.0,4.0,11.0,13.0,16.0,3.0,6.0,59.0,34.0,18.0,7.0,12.0,5.0,0.0,0.36,0.69,0.0,0.0,1.0,0.0,22.0,17.0,17.0,7.0,0.14,0.0,0.0,1.19,1.19,1.19,146.12,14.21,13.51,32.06,4.87,91.16,46.19,13.46,14.21,13.46,142.0,60.0,67.0,269.0,15.0,10.0,0.0,10.0,0.0,109.0,58.0,127.0,187.0,5.0,10.0,107.0,9.0,7.0,20.0,156.0,31.0,15.0,4.4,3.75,6.07,4.0,4.0,7.0,269.0,202.0,202.0,1.0,3.56,1.27,1.27,16.5,16.5,15.76
BUF,2023,BUF,BUF,Team Level,5on4,26,0.85,0.85,0.83,6734.0,105.87,14.3,8.57,23.01,3.39,62.14,34.59,13.48,14.3,13.48,104.0,42.0,48.0,194.0,12.0,8.0,0.0,2.0,3.0,87.0,34.0,92.0,134.0,5.0,12.0,66.0,5.0,9.0,17.0,92.0,39.0,15.0,2.96,4.48,6.86,3.0,2.0,7.0,194.0,146.0,146.0,6.0,2.23,2.04,1.5,15.03,15.03,14.42,21.03,2.46,1.38,3.38,0.76,7.67,14.37,2.46,2.46,2.46,22.0,8.0,4.0,34.0,3.0,0.0,0.0,0.0,0.0,9.0,18.0,19.0,27.0,5.0,12.0,66.0,12.0,14.0,7.0,16.0,11.0,3.0,0.32,1.41,0.72,0.0,2.0,1.0,34.0,30.0,30.0,6.0,0.31,0.0,0.0,2.77,2.77,2.77
WPG,2023,WPG,WPG,Team Level,other,24,0.55,0.46,0.52,2597.0,41.96,11.86,2.71,7.54,1.46,20.25,15.17,11.49,11.86,11.49,43.0,16.0,13.0,72.0,12.0,4.0,1.0,2.0,1.0,21.0,19.0,31.0,47.0,0.0,0.0,27.0,3.0,7.0,7.0,23.0,19.0,17.0,0.88,2.19,8.8,1.0,2.0,9.0,72.0,59.0,59.0,7.0,0.78,1.25,1.25,11.39,11.39,11.1,40.22,9.74,3.14,7.35,1.5,21.07,12.2,8.62,9.74,8.62,40.0,15.0,28.0,83.0,9.0,6.0,2.0,2.0,0.0,22.0,16.0,31.0,46.0,0.0,0.0,35.0,14.0,5.0,8.0,29.0,8.0,18.0,1.15,0.99,7.6,2.0,0.0,7.0,83.0,55.0,55.0,6.0,0.93,2.21,2.21,8.47,8.47,8.18
WPG,2023,WPG,WPG,Team Level,all,24,0.49,0.5,0.5,87306.0,725.79,69.87,47.94,174.02,24.62,395.63,297.93,67.7,70.34,68.16,738.0,272.0,378.0,1388.0,77.0,67.0,10.0,43.0,6.0,450.0,367.0,661.0,933.0,87.0,203.0,644.0,405.0,139.0,192.0,756.0,183.0,71.0,20.75,22.07,27.04,24.0,26.0,27.0,1396.96,1010.0,1019.08,143.0,10.57,13.48,13.53,66.91,67.37,66.0,720.12,71.7,50.0,174.82,24.19,388.05,283.24,67.76,71.91,68.0,683.0,309.0,383.0,1375.0,65.0,81.0,12.0,32.0,3.0,420.0,391.0,618.0,927.0,99.0,223.0,729.0,423.0,120.0,197.0,740.0,156.0,96.0,20.02,19.35,32.33,17.0,19.0,29.0,1367.15,992.0,986.55,148.0,11.28,17.88,17.88,65.09,65.31,63.77
WPG,2023,WPG,WPG,Team Level,5on5,24,0.49,0.51,0.51,70357.0,572.97,45.39,36.18,144.15,19.49,313.11,239.67,43.93,45.87,44.39,581.0,217.0,306.0,1104.0,50.0,56.0,9.0,32.0,4.0,358.0,298.0,531.0,748.0,84.0,197.0,492.0,370.0,109.0,161.0,625.0,133.0,40.0,17.07,16.28,12.04,23.0,18.0,9.0,1112.96,798.0,807.08,120.0,7.49,11.5,11.54,41.34,41.8,41.06,551.25,46.68,36.13,141.43,18.6,296.11,221.04,44.49,46.9,44.72,529.0,231.0,299.0,1059.0,36.0,66.0,7.0,27.0,2.0,325.0,304.0,493.0,724.0,92.0,209.0,562.0,383.0,93.0,164.0,584.0,121.0,55.0,16.3,15.12,15.26,13.0,13.0,10.0,1051.15,760.0,754.55,122.0,7.52,13.39,13.39,40.81,41.03,40.25
WPG,2023,WPG,WPG,Team Level,4on5,24,0.12,0.12,0.15,6732.0,19.78,1.83,0.95,2.74,0.56,5.9,14.01,1.83,1.83,1.83,23.0,3.0,2.0,28.0,2.0,0.0,0.0,1.0,0.0,6.0,17.0,21.0,24.0,0.0,0.0,54.0,25.0,19.0,15.0,19.0,5.0,2.0,0.54,0.78,0.52,0.0,1.0,1.0,28.0,26.0,26.0,15.0,0.22,0.0,0.0,2.06,2.06,2.06,103.82,13.08,9.52,22.4,3.4,63.32,33.29,12.48,13.08,12.48,96.0,49.0,54.0,199.0,18.0,9.0,3.0,3.0,1.0,68.0,46.0,78.0,127.0,4.0,8.0,59.0,4.0,3.0,7.0,106.0,18.0,21.0,2.03,2.13,8.92,1.0,5.0,12.0,199.0,145.0,145.0,2.0,2.54,2.28,2.28,13.34,13.34,12.88
WPG,2023,WPG,WPG,Team Level,5on4,24,0.83,0.84,0.8,7620.0,91.09,10.77,8.1,19.59,3.1,56.36,29.08,10.44,10.77,10.44,91.0,36.0,57.0,184.0,13.0,7.0,0.0,8.0,1.0,65.0,33.0,78.0,114.0,3.0,6.0,71.0,7.0,4.0,9.0,89.0,26.0,12.0,2.27,2.83,5.68,0.0,5.0,8.0,184.0,127.0,127.0,1.0,2.08,0.74,0.74,12.12,12.12,11.78,24.83,2.19,1.22,3.65,0.69,7.55,16.71,2.18,2.19,2.18,18.0,14.0,2.0,34.0,2.0,0.0,0.0,0.0,0.0,5.0,25.0,16.0,30.0,3.0,6.0,73.0,22.0,19.0,18.0,21.0,9.0,2.0,0.53,1.11,0.54,1.0,1.0,0.0,34.0,32.0,32.0,18.0,0.29,0.0,0.0,2.48,2.48,2.47
VAN,2023,VAN,VAN,Team Level,other,26,0.52,0.53,0.5,3903.0,46.72,11.97,3.28,9.04,1.6,24.09,15.02,11.42,11.97,11.42,45.0,20.0,28.0,93.0,13.0,6.0,2.0,3.0,3.0,23.0,17.0,32.0,52.0,5.0,10.0,50.0,11.0,8.0,8.0,33.0,15.0,17.0,1.38,1.72,8.87,1.0,3.0,9.0,93.0,65.0,65.0,5.0,0.96,2.35,2.35,10.59,10.59,10.32,46.49,11.16,3.64,8.19,1.75,24.23,15.04,10.54,11.16,10.54,41.0,23.0,19.0,83.0,10.0,7.0,2.0,1.0,0.0,26.0,20.0,31.0,54.0,3.0,6.0,36.0,10.0,3.0,8.0,30.0,17.0,17.0,1.14,2.21,7.81,1.0,1.0,8.0,83.0,64.0,64.0,5.0,1.07,2.66,2.66,9.58,9.58,9.42
VAN,2023,VAN,VAN,Team Level,all,26,0.52,0.5,0.5,93984.0,796.0,88.62,56.95,190.38,26.88,431.67,302.5,84.43,89.48,85.25,754.0,343.0,453.0,1550.0,101.0,98.0,19.0,55.0,7.0,439.0,397.0,653.0,996.0,96.0,216.0,726.0,507.0,153.0,177.0,803.0,179.0,115.0,23.52,22.21,42.89,32.0,30.0,39.0,1576.99,1097.0,1111.7,113.0,12.82,23.68,23.68,77.76,78.59,76.76,808.42,80.25,56.54,194.89,27.97,433.74,318.61,76.7,79.9,76.36,785.0,327.0,413.0,1525.0,70.0,98.0,12.0,36.0,2.0,503.0,403.0,715.0,1042.0,109.0,244.0,709.0,510.0,123.0,203.0,815.0,193.0,104.0,22.05,24.33,33.87,21.0,16.0,33.0,1509.64,1112.0,1104.95,118.0,12.67,20.32,20.38,72.55,72.06,70.33
VAN,2023,VAN,VAN,Team Level,5on5,26,0.49,0.5,0.49,74315.0,588.13,51.75,39.27,148.44,19.68,318.89,231.97,49.19,52.61,50.02,550.0,260.0,340.0,1150.0,60.0,70.0,12.0,44.0,4.0,323.0,309.0,490.0,750.0,85.0,194.0,541.0,469.0,124.0,150.0,623.0,127.0,60.0,18.13,16.07,17.56,25.0,23.0,12.0,1176.99,810.0,824.7,102.0,8.14,15.33,15.33,44.56,45.39,44.59,614.1,52.98,40.33,156.72,21.17,326.53,246.28,51.14,52.62,50.8,589.0,255.0,325.0,1169.0,43.0,76.0,7.0,28.0,2.0,382.0,313.0,546.0,801.0,93.0,209.0,540.0,479.0,103.0,162.0,641.0,138.0,65.0,17.18,17.5,18.3,19.0,9.0,15.0,1153.64,844.0,836.95,91.0,8.41,14.12,14.18,47.21,46.73,45.87
VAN,2023,VAN,VAN,Team Level,4on5,26,0.14,0.11,0.13,7147.0,17.64,2.4,0.99,2.71,0.62,5.94,11.34,2.35,2.4,2.35,21.0,3.0,6.0,30.0,4.0,1.0,1.0,0.0,0.0,4.0,15.0,17.0,20.0,3.0,6.0,57.0,19.0,16.0,5.0,15.0,4.0,5.0,0.32,0.49,1.59,0.0,1.0,3.0,30.0,24.0,24.0,5.0,0.22,0.42,0.42,2.21,2.21,2.2,122.2,14.18,11.41,25.97,4.13,74.04,38.27,13.13,14.18,13.13,130.0,38.0,65.0,233.0,17.0,14.0,3.0,7.0,0.0,85.0,45.0,113.0,151.0,9.0,18.0,74.0,5.0,5.0,17.0,117.0,32.0,19.0,3.22,4.07,6.89,1.0,6.0,10.0,233.0,168.0,168.0,7.0,2.92,3.46,3.46,13.64,13.64,12.99
VAN,2023,VAN,VAN,Team Level,5on4,26,0.92,0.87,0.85,8619.0,143.51,22.5,13.41,30.19,4.98,82.76,44.17,21.47,22.5,21.47,138.0,60.0,79.0,277.0,24.0,21.0,4.0,8.0,0.0,89.0,56.0,114.0,174.0,3.0,6.0,78.0,8.0,5.0,14.0,132.0,33.0,33.0,3.69,3.94,14.88,6.0,3.0,15.0,277.0,198.0,198.0,1.0,3.49,5.59,5.59,20.41,20.41,19.66,25.65,1.94,1.16,4.01,0.93,8.95,19.02,1.88,1.94,1.88,25.0,11.0,4.0,40.0,0.0,1.0,0.0,0.0,0.0,10.0,25.0,25.0,36.0,4.0,11.0,59.0,16.0,12.0,16.0,27.0,6.0,3.0,0.52,0.55,0.88,0.0,0.0,0.0,40.0,36.0,36.0,15.0,0.27,0.09,0.09,2.12,2.12,2.05
DET,2023,DET,DET,Team Level,other,24,0.5,0.53,0.53,3801.0,50.66,9.93,3.35,9.07,1.66,26.31,19.69,9.49,9.93,9.49,47.0,23.0,19.0,89.0,11.0,5.0,1.0,5.0,0.0,25.0,24.0,36.0,59.0,4.0,6.0,40.0,12.0,5.0,5.0,40.0,15.0,15.0,1.46,1.91,6.56,1.0,2.0,8.0,89.0,70.0,70.0,3.0,0.96,1.63,1.63,9.26,9.26,8.94,46.17,9.76,3.2,8.06,1.55,22.55,17.88,9.06,9.76,9.06,43.0,20.0,17.0,80.0,9.0,3.0,0.0,2.0,0.0,27.0,22.0,34.0,54.0,4.0,8.0,37.0,4.0,8.0,9.0,31.0,18.0,14.0,1.29,2.1,6.36,1.0,2.0,6.0,80.0,63.0,63.0,3.0,0.96,0.63,0.63,10.08,10.08,9.41
DET,2023,DET,DET,Team Level,all,24,0.51,0.47,0.48,87388.0,730.92,77.14,50.09,170.73,24.45,390.04,284.55,73.17,77.85,73.87,722.0,275.0,343.0,1340.0,91.0,73.0,15.0,48.0,5.0,398.0,382.0,631.0,906.0,110.0,227.0,664.0,340.0,130.0,175.0,722.0,185.0,90.0,20.7,22.37,34.07,32.0,28.0,31.0,1355.07,997.0,1006.86,97.0,11.34,16.54,16.73,71.75,72.47,69.95,799.91,75.26,54.39,197.33,27.89,431.09,313.03,70.96,75.03,70.76,733.0,366.0,414.0,1513.0,71.0,89.0,5.0,46.0,4.0,487.0,402.0,662.0,1028.0,120.0,247.0,691.0,341.0,119.0,166.0,823.0,194.0,82.0,22.76,24.37,28.13,27.0,26.0,18.0,1496.52,1099.0,1090.14,79.0,12.34,16.06,16.06,71.54,71.37,69.13
DET,2023,DET,DET,Team Level,5on5,24,0.49,0.46,0.47,66953.0,522.4,42.8,34.12,130.54,17.89,279.97,209.67,41.12,43.52,41.82,510.0,205.0,266.0,981.0,56.0,53.0,9.0,33.0,5.0,285.0,283.0,454.0,659.0,95.0,199.0,488.0,297.0,112.0,137.0,548.0,125.0,42.0,15.38,15.29,12.14,27.0,21.0,8.0,996.07,715.0,724.86,81.0,7.07,11.02,11.2,38.68,39.39,38.8,593.6,45.22,37.84,154.89,20.7,323.92,238.42,43.3,44.98,43.09,542.0,279.0,322.0,1143.0,42.0,64.0,3.0,37.0,4.0,363.0,311.0,500.0,779.0,97.0,203.0,496.0,307.0,92.0,138.0,649.0,133.0,39.0,17.82,16.8,10.6,20.0,20.0,2.0,1126.52,821.0,812.14,73.0,7.84,10.7,10.7,42.35,42.19,41.41
DET,2023,DET,DET,Team Level,4on5,24,0.15,0.12,0.14,7819.0,24.32,3.22,1.39,3.36,0.75,7.46,14.83,2.95,3.22,2.95,28.0,3.0,2.0,33.0,2.0,2.0,1.0,0.0,0.0,10.0,17.0,26.0,29.0,6.0,12.0,54.0,23.0,10.0,12.0,19.0,5.0,7.0,0.45,0.74,2.03,0.0,1.0,1.0,33.0,31.0,31.0,12.0,0.32,0.79,0.79,2.75,2.75,2.67,135.37,18.36,12.41,30.84,4.92,77.5,38.97,16.7,18.36,16.7,124.0,59.0,70.0,253.0,18.0,22.0,2.0,6.0,0.0,94.0,43.0,106.0,165.0,15.0,28.0,87.0,8.0,7.0,15.0,118.0,39.0,26.0,3.21,4.96,10.2,5.0,4.0,9.0,253.0,183.0,183.0,0.0,3.32,4.73,4.73,16.95,16.95,16.17
DET,2023,DET,DET,Team Level,5on4,24,0.92,0.86,0.85,8815.0,133.54,21.19,11.24,27.77,4.15,76.3,40.36,19.61,21.19,19.61,137.0,44.0,56.0,237.0,22.0,13.0,4.0,10.0,0.0,78.0,58.0,115.0,159.0,5.0,10.0,82.0,8.0,3.0,21.0,115.0,40.0,26.0,3.41,4.44,13.33,4.0,4.0,14.0,237.0,181.0,181.0,1.0,3.0,3.11,3.11,21.07,21.07,19.55,24.76,1.93,0.94,3.54,0.71,7.13,17.76,1.91,1.93,1.91,24.0,8.0,5.0,37.0,2.0,0.0,0.0,1.0,0.0,3.0,26.0,22.0,30.0,4.0,8.0,71.0,22.0,12.0,4.0,25.0,4.0,3.0,0.45,0.51,0.97,1.0,0.0,1.0,37.0,32.0,32.0,3.0,0.23,0.0,0.0,2.16,2.16,2.14
EDM,2023,EDM,EDM,Team Level,other,23,0.58,0.58,0.59,3422.0,48.55,9.62,3.66,8.91,1.65,27.06,16.1,9.33,9.62,9.33,46.0,21.0,17.0,84.0,8.0,4.0,2.0,3.0,0.0,29.0,23.0,38.0,59.0,2.0,4.0,36.0,6.0,14.0,11.0,40.0,12.0,15.0,1.57,1.48,6.57,1.0,1.0,6.0,84.0,67.0,67.0,4.0,1.05,1.43,1.43,9.23,9.23,9.14,33.19,6.87,2.32,6.2,1.24,16.84,12.53,6.4,6.87,6.4,34.0,12.0,15.0,61.0,9.0,1.0,0.0,1.0,1.0,13.0,21.0,25.0,37.0,3.0,4.0,42.0,10.0,6.0,11.0,24.0,12.0,10.0,1.02,1.43,4.42,2.0,2.0,5.0,61.0,46.0,46.0,6.0,0.67,0.24,0.24,7.3,7.3,6.83
EDM,2023,EDM,EDM,Team Level,all,23,0.57,0.55,0.55,83510.0,809.56,85.77,56.72,193.64,27.17,424.14,308.56,82.11,85.98,82.3,769.0,327.0,410.0,1506.0,79.0,94.0,13.0,58.0,3.0,500.0,362.0,690.0,1017.0,102.0,225.0,744.0,463.0,202.0,241.0,778.0,213.0,105.0,23.2,26.75,35.82,23.0,28.0,28.0,1511.96,1096.0,1100.16,129.0,12.69,21.25,21.29,77.17,77.42,75.51,669.58,65.66,45.29,162.25,22.38,359.36,259.07,63.62,65.97,63.92,664.0,250.0,324.0,1238.0,80.0,56.0,12.0,52.0,5.0,414.0,307.0,584.0,834.0,96.0,211.0,709.0,495.0,176.0,225.0,664.0,180.0,70.0,19.38,22.3,23.98,23.0,27.0,30.0,1240.96,914.0,917.82,131.0,10.08,11.19,11.19,64.54,64.78,63.34
EDM,2023,EDM,EDM,Team Level,5on5,23,0.57,0.56,0.55,65748.0,621.66,57.61,41.62,157.4,20.91,322.91,241.55,55.2,57.81,55.4,588.0,254.0,328.0,1170.0,48.0,76.0,8.0,48.0,3.0,399.0,268.0,540.0,794.0,85.0,191.0,579.0,435.0,164.0,203.0,611.0,165.0,66.0,18.07,21.02,18.52,18.0,23.0,7.0,1175.97,842.0,846.16,114.0,8.7,15.6,15.64,50.67,50.92,49.75,511.23,43.09,32.72,129.47,16.85,269.73,202.13,42.03,43.4,42.33,508.0,186.0,235.0,929.0,51.0,49.0,10.0,44.0,4.0,310.0,236.0,457.0,643.0,80.0,181.0,529.0,454.0,144.0,179.0,519.0,135.0,40.0,15.11,16.91,11.07,14.0,21.0,16.0,931.96,694.0,697.82,114.0,6.8,8.42,8.42,41.47,41.71,41.17
EDM,2023,EDM,EDM,Team Level,4on5,23,0.12,0.15,0.16,7905.0,23.55,2.03,1.19,3.47,0.71,7.0,15.61,2.0,2.03,2.0,24.0,6.0,10.0,40.0,2.0,1.0,0.0,0.0,0.0,4.0,23.0,22.0,28.0,3.0,6.0,61.0,17.0,15.0,12.0,20.0,7.0,3.0,0.45,0.9,0.67,0.0,1.0,1.0,40.0,30.0,30.0,10.0,0.27,0.15,0.15,2.14,2.14,2.14,113.97,14.5,9.66,24.88,3.96,69.19,36.82,13.99,14.5,13.99,111.0,48.0,72.0,231.0,18.0,6.0,2.0,6.0,0.0,87.0,42.0,93.0,141.0,8.0,16.0,89.0,16.0,6.0,25.0,109.0,33.0,17.0,2.92,3.96,7.62,6.0,4.0,8.0,231.0,159.0,159.0,2.0,2.47,2.54,2.54,14.44,14.44,14.01
EDM,2023,EDM,EDM,Team Level,5on4,23,0.93,0.93,0.91,6435.0,115.79,16.52,10.24,23.86,3.9,67.17,35.31,15.57,16.52,15.57,111.0,46.0,55.0,212.0,21.0,13.0,3.0,7.0,0.0,68.0,48.0,90.0,136.0,12.0,24.0,68.0,5.0,9.0,15.0,107.0,29.0,21.0,3.1,3.36,10.06,4.0,3.0,14.0,212.0,157.0,157.0,1.0,2.66,4.06,4.06,15.12,15.12,14.48,11.19,1.2,0.59,1.7,0.33,3.59,7.6,1.2,1.2,1.2,11.0,4.0,2.0,17.0,2.0,0.0,0.0,1.0,0.0,4.0,8.0,9.0,13.0,5.0,10.0,49.0,15.0,20.0,10.0,12.0,0.0,3.0,0.34,0.0,0.86,1.0,0.0,1.0,17.0,15.0,15.0,9.0,0.14,0.0,0.0,1.33,1.33,1.33
VGK,2023,VGK,VGK,Team Level,other,27,0.5,0.54,0.54,2794.0,51.07,11.31,3.75,9.35,1.82,25.82,17.96,10.79,11.31,10.79,46.0,24.0,21.0,91.0,10.0,3.0,0.0,0.0,0.0,38.0,19.0,36.0,60.0,2.0,4.0,33.0,5.0,15.0,10.0,35.0,18.0,17.0,1.3,2.1,7.92,1.0,2.0,7.0,91.0,70.0,70.0,4.0,1.06,0.71,0.71,11.65,11.65,11.11,44.8,11.44,2.85,8.25,1.45,19.52,16.48,9.9,11.44,9.9,46.0,14.0,19.0,79.0,13.0,4.0,0.0,2.0,1.0,18.0,22.0,33.0,47.0,6.0,10.0,45.0,11.0,3.0,7.0,30.0,9.0,21.0,1.01,1.01,9.42,3.0,0.0,10.0,79.0,60.0,60.0,1.0,0.83,1.94,1.94,10.34,10.34,9.13
VGK,2023,VGK,VGK,Team Level,all,27,0.52,0.5,0.51,99080.0,877.4,91.13,60.68,205.67,29.35,472.95,346.24,87.44,92.06,88.37,881.0,325.0,470.0,1676.0,86.0,98.0,7.0,54.0,1.0,555.0,412.0,795.0,1120.0,92.0,213.0,783.0,520.0,226.0,205.0,861.0,239.0,106.0,24.71,29.1,37.32,31.0,26.0,29.0,1704.43,1206.0,1222.7,114.0,13.56,21.23,21.28,83.41,84.33,82.35,835.77,83.57,57.61,203.3,29.0,457.76,331.77,79.13,83.09,78.67,794.0,369.0,540.0,1703.0,63.0,85.0,7.0,55.0,2.0,529.0,429.0,731.0,1100.0,112.0,247.0,766.0,487.0,180.0,211.0,870.0,187.0,106.0,25.12,22.49,35.96,17.0,18.0,28.0,1685.71,1163.0,1154.31,113.0,12.77,18.85,18.85,77.5,77.05,74.14
VGK,2023,VGK,VGK,Team Level,5on5,27,0.53,0.49,0.51,78693.0,671.37,61.21,44.13,165.71,22.61,359.88,271.46,58.41,62.14,59.34,676.0,249.0,368.0,1293.0,51.0,84.0,4.0,39.0,1.0,431.0,319.0,625.0,874.0,79.0,187.0,601.0,484.0,182.0,167.0,673.0,188.0,64.0,19.99,23.09,18.12,25.0,20.0,6.0,1321.43,925.0,941.7,101.0,9.16,17.6,17.66,52.71,53.62,52.49,648.37,54.18,42.77,165.56,22.68,356.44,263.38,52.3,53.7,51.84,625.0,280.0,432.0,1337.0,40.0,65.0,6.0,46.0,1.0,420.0,333.0,585.0,865.0,98.0,221.0,582.0,443.0,147.0,172.0,708.0,138.0,59.0,20.11,17.03,17.04,14.0,15.0,11.0,1319.71,905.0,896.31,96.0,8.89,13.83,13.83,49.23,48.79,47.93
VGK,2023,VGK,VGK,Team Level,4on5,27,0.12,0.13,0.15,8406.0,23.25,2.14,1.25,2.98,0.71,7.45,16.47,2.12,2.14,2.12,23.0,8.0,6.0,37.0,4.0,0.0,0.0,1.0,0.0,7.0,19.0,19.0,27.0,2.0,4.0,56.0,26.0,20.0,8.0,21.0,7.0,3.0,0.6,0.88,0.66,1.0,2.0,1.0,37.0,31.0,31.0,8.0,0.29,0.0,0.0,2.43,2.43,2.41,124.0,16.14,10.91,26.59,4.29,75.75,39.32,15.14,16.14,15.14,103.0,70.0,83.0,256.0,9.0,14.0,1.0,7.0,0.0,87.0,56.0,94.0,164.0,7.0,14.0,71.0,4.0,6.0,19.0,115.0,34.0,24.0,3.35,3.76,9.01,0.0,3.0,6.0,256.0,173.0,173.0,5.0,2.82,2.92,2.92,16.03,16.03,15.2
VGK,2023,VGK,VGK,Team Level,5on4,27,0.9,0.89,0.88,9187.0,131.71,16.47,11.55,27.62,4.22,79.8,40.34,16.12,16.47,16.12,136.0,44.0,75.0,255.0,21.0,11.0,3.0,14.0,0.0,79.0,55.0,115.0,159.0,9.0,18.0,93.0,5.0,9.0,20.0,132.0,26.0,22.0,2.81,3.04,10.62,4.0,2.0,15.0,255.0,180.0,180.0,1.0,3.07,2.91,2.91,16.63,16.63,16.35,18.61,1.82,1.08,2.9,0.57,6.05,12.59,1.79,1.82,1.79,20.0,5.0,6.0,31.0,1.0,2.0,0.0,0.0,0.0,4.0,18.0,19.0,24.0,1.0,2.0,68.0,29.0,24.0,13.0,17.0,6.0,2.0,0.64,0.68,0.49,0.0,0.0,1.0,31.0,25.0,25.0,11.0,0.24,0.16,0.16,1.89,1.89,1.89
OTT,2023,OTT,OTT,Team Level,other,20,0.63,0.58,0.61,2649.0,36.54,6.56,2.8,7.61,1.44,18.39,11.2,6.04,6.56,6.04,38.0,10.0,15.0,63.0,6.0,5.0,1.0,4.0,1.0,17.0,15.0,32.0,42.0,2.0,4.0,35.0,6.0,4.0,5.0,26.0,10.0,12.0,1.17,1.08,4.31,1.0,1.0,4.0,63.0,48.0,48.0,2.0,0.92,1.49,0.84,6.63,6.63,6.33,21.8,3.86,1.37,4.14,0.75,11.98,8.9,3.84,3.86,3.84,22.0,9.0,14.0,45.0,3.0,1.0,1.0,6.0,0.0,9.0,12.0,19.0,28.0,5.0,10.0,31.0,6.0,1.0,3.0,18.0,9.0,4.0,0.61,1.0,2.26,0.0,1.0,2.0,45.0,31.0,31.0,2.0,0.43,0.91,0.91,3.39,3.39,3.38
OTT,2023,OTT,OTT,Team Level,all,20,0.5,0.51,0.52,72598.0,659.68,58.28,44.29,160.16,22.2,353.03,261.03,55.88,57.91,55.52,652.0,247.0,323.0,1222.0,69.0,65.0,7.0,46.0,7.0,380.0,332.0,583.0,830.0,91.0,208.0,614.0,343.0,114.0,215.0,680.0,157.0,62.0,18.77,19.75,19.76,27.0,27.0,15.0,1213.47,899.0,892.36,129.0,10.04,12.6,13.0,55.32,54.93,53.69,612.5,58.87,40.07,149.72,20.71,321.43,245.19,55.26,59.82,56.17,611.0,225.0,355.0,1191.0,65.0,67.0,7.0,45.0,6.0,353.0,300.0,546.0,771.0,106.0,241.0,566.0,412.0,122.0,171.0,634.0,137.0,65.0,16.39,17.72,24.77,22.0,23.0,20.0,1207.06,836.0,846.92,97.0,9.0,13.43,13.43,54.44,55.32,52.99
OTT,2023,OTT,OTT,Team Level,5on5,20,0.47,0.48,0.5,56046.0,473.18,35.35,28.32,120.75,15.85,247.87,195.87,34.18,34.97,33.82,462.0,182.0,242.0,886.0,49.0,45.0,5.0,36.0,3.0,266.0,245.0,413.0,595.0,80.0,186.0,433.0,318.0,92.0,181.0,507.0,104.0,33.0,12.84,13.41,9.09,22.0,21.0,6.0,877.47,644.0,637.36,121.0,5.87,8.65,9.17,32.05,31.65,31.17,482.73,40.16,30.61,123.12,16.41,249.65,196.05,38.2,41.1,39.12,479.0,177.0,289.0,945.0,44.0,54.0,4.0,32.0,6.0,273.0,247.0,435.0,612.0,93.0,215.0,431.0,373.0,99.0,141.0,500.0,117.0,39.0,13.72,15.45,10.99,21.0,18.0,5.0,961.06,656.0,666.92,83.0,6.36,10.72,10.72,35.8,36.67,36.03
OTT,2023,OTT,OTT,Team Level,4on5,20,0.08,0.13,0.16,5827.0,17.2,1.23,0.97,2.96,0.71,6.54,12.59,1.23,1.23,1.23,23.0,2.0,1.0,26.0,1.0,0.0,0.0,2.0,0.0,5.0,17.0,22.0,24.0,2.0,4.0,60.0,9.0,14.0,6.0,20.0,5.0,0.0,0.54,0.69,0.0,0.0,1.0,0.0,26.0,25.0,25.0,5.0,0.22,0.0,0.0,1.45,1.45,1.44,92.48,14.07,7.47,20.02,3.06,54.56,28.82,12.44,14.07,12.44,90.0,38.0,47.0,175.0,17.0,11.0,2.0,7.0,0.0,63.0,30.0,73.0,111.0,5.0,10.0,54.0,7.0,1.0,16.0,98.0,9.0,21.0,1.7,1.08,11.3,1.0,3.0,13.0,175.0,128.0,128.0,1.0,2.06,1.77,1.77,14.37,14.37,12.7
OTT,2023,OTT,OTT,Team Level,5on4,20,0.95,0.9,0.9,8076.0,132.76,15.15,12.2,28.84,4.22,80.23,41.37,14.44,15.15,14.44,129.0,53.0,65.0,247.0,13.0,15.0,1.0,4.0,3.0,92.0,55.0,116.0,169.0,7.0,14.0,86.0,10.0,4.0,23.0,127.0,38.0,17.0,4.22,4.57,6.36,4.0,4.0,5.0,247.0,182.0,182.0,1.0,3.04,2.46,2.98,15.2,15.2,14.75,15.49,0.78,0.62,2.44,0.49,5.25,11.42,0.78,0.78,0.78,20.0,1.0,5.0,26.0,1.0,1.0,0.0,0.0,0.0,8.0,11.0,19.0,20.0,3.0,6.0,50.0,26.0,21.0,11.0,18.0,2.0,1.0,0.37,0.19,0.22,0.0,1.0,0.0,26.0,21.0,21.0,11.0,0.14,0.03,0.03,0.89,0.89,0.89
BOS,2023,BOS,BOS,Team Level,other,24,0.46,0.38,0.4,4604.0,54.71,10.62,3.37,10.33,1.83,24.22,21.62,9.94,10.62,9.94,61.0,11.0,19.0,91.0,10.0,5.0,0.0,4.0,0.0,23.0,30.0,51.0,62.0,5.0,10.0,69.0,18.0,13.0,15.0,42.0,15.0,15.0,1.74,1.89,6.99,3.0,3.0,4.0,91.0,72.0,72.0,7.0,0.98,1.65,1.65,9.95,9.95,9.55,80.35,12.61,6.8,16.62,3.03,47.83,23.1,11.38,12.61,11.38,76.0,34.0,37.0,147.0,13.0,13.0,4.0,6.0,4.0,47.0,27.0,63.0,97.0,4.0,6.0,54.0,6.0,7.0,10.0,60.0,31.0,19.0,2.21,3.72,6.69,3.0,3.0,7.0,147.0,110.0,110.0,2.0,1.97,3.06,3.06,11.52,11.52,10.66
BOS,2023,BOS,BOS,Team Level,all,24,0.52,0.49,0.49,87548.0,775.86,79.15,54.87,181.12,26.6,417.16,305.1,74.82,80.41,75.97,764.0,300.0,385.0,1449.0,80.0,80.0,9.0,43.0,11.0,469.0,381.0,684.0,984.0,107.0,234.0,701.0,424.0,133.0,178.0,767.0,208.0,89.0,22.23,26.35,30.58,28.0,31.0,21.0,1486.32,1064.0,1088.52,72.0,12.32,18.81,18.81,72.67,73.74,71.52,803.09,73.11,55.16,190.72,27.13,437.05,315.83,69.65,72.41,68.97,761.0,338.0,421.0,1520.0,59.0,73.0,14.0,67.0,16.0,477.0,407.0,702.0,1040.0,94.0,201.0,692.0,489.0,193.0,184.0,824.0,190.0,85.0,23.23,23.96,25.92,21.0,13.0,25.0,1490.51,1099.0,1080.68,70.0,12.43,15.29,15.29,70.26,69.54,67.22
BOS,2023,BOS,BOS,Team Level,5on5,24,0.52,0.49,0.49,68113.0,573.45,50.41,38.58,141.74,19.88,313.45,229.95,48.24,51.65,49.39,551.0,243.0,305.0,1099.0,53.0,61.0,8.0,33.0,10.0,342.0,295.0,498.0,741.0,86.0,192.0,486.0,371.0,97.0,133.0,599.0,145.0,50.0,17.32,18.0,15.08,23.0,20.0,10.0,1136.32,794.0,818.52,57.0,8.02,13.67,13.67,44.76,45.83,45.07,599.93,46.91,38.23,150.4,20.23,325.53,244.7,45.34,46.21,44.65,561.0,265.0,324.0,1150.0,35.0,51.0,8.0,52.0,10.0,362.0,316.0,526.0,791.0,82.0,179.0,522.0,455.0,160.0,145.0,649.0,130.0,47.0,18.11,16.57,12.23,15.0,7.0,13.0,1120.51,826.0,807.68,60.0,7.93,9.49,9.49,45.34,44.63,43.69
BOS,2023,BOS,BOS,Team Level,4on5,24,0.21,0.17,0.21,7750.0,27.23,2.94,1.36,3.86,0.75,8.19,17.89,2.88,2.94,2.88,27.0,8.0,4.0,39.0,0.0,0.0,0.0,1.0,0.0,9.0,25.0,27.0,35.0,8.0,16.0,64.0,28.0,19.0,10.0,24.0,7.0,4.0,0.68,0.99,1.28,0.0,0.0,0.0,39.0,35.0,35.0,7.0,0.32,0.0,0.0,3.26,3.26,3.18,96.37,10.77,8.87,19.93,3.12,55.84,30.48,10.17,10.77,10.17,95.0,34.0,55.0,184.0,9.0,8.0,2.0,9.0,1.0,63.0,39.0,86.0,120.0,7.0,14.0,66.0,9.0,10.0,23.0,93.0,23.0,13.0,2.47,2.85,5.46,3.0,1.0,5.0,184.0,129.0,129.0,2.0,2.24,2.42,2.42,10.6,10.6,10.13
BOS,2023,BOS,BOS,Team Level,5on4,24,0.84,0.85,0.83,7081.0,120.47,15.18,11.56,25.19,4.14,71.3,35.63,13.76,15.18,13.76,125.0,38.0,57.0,220.0,17.0,14.0,1.0,5.0,1.0,95.0,31.0,108.0,146.0,8.0,16.0,82.0,7.0,4.0,20.0,102.0,41.0,20.0,2.49,5.46,7.23,2.0,8.0,7.0,220.0,163.0,163.0,1.0,3.02,3.49,3.49,14.71,14.71,13.72,26.43,2.81,1.26,3.77,0.75,7.86,17.55,2.76,2.81,2.76,29.0,5.0,5.0,39.0,2.0,1.0,0.0,0.0,1.0,5.0,25.0,27.0,32.0,1.0,2.0,50.0,19.0,16.0,6.0,22.0,6.0,6.0,0.44,0.83,1.54,0.0,2.0,0.0,39.0,34.0,34.0,6.0,0.3,0.32,0.32,2.79,2.79,2.75
SEA,2023,SEA,SEA,Team Level,other,26,0.41,0.5,0.45,3515.0,49.52,7.73,3.35,10.06,1.81,24.61,18.44,7.41,7.73,7.41,45.0,21.0,34.0,100.0,6.0,1.0,0.0,2.0,0.0,25.0,32.0,39.0,60.0,2.0,4.0,50.0,6.0,5.0,8.0,33.0,20.0,13.0,1.35,2.12,4.26,0.0,2.0,4.0,100.0,66.0,66.0,3.0,1.0,0.52,0.52,8.21,8.21,8.06,56.47,10.98,3.99,11.11,1.98,31.08,20.86,10.0,10.98,10.0,49.0,31.0,20.0,100.0,13.0,4.0,2.0,3.0,3.0,29.0,28.0,36.0,67.0,2.0,4.0,45.0,8.0,12.0,8.0,48.0,18.0,14.0,1.72,2.2,7.06,2.0,2.0,9.0,100.0,80.0,80.0,4.0,1.14,1.67,1.67,10.46,10.46,9.91
SEA,2023,SEA,SEA,Team Level,all,26,0.49,0.52,0.51,95943.0,834.17,73.46,56.03,203.71,28.02,461.57,331.21,70.29,74.32,71.12,793.0,361.0,483.0,1637.0,69.0,76.0,10.0,47.0,3.0,532.0,427.0,724.0,1085.0,97.0,227.0,735.0,453.0,203.0,138.0,902.0,169.0,83.0,25.5,20.39,27.58,26.0,22.0,21.0,1639.9,1154.0,1159.6,66.0,12.51,14.28,14.28,71.69,72.39,70.05,799.71,75.32,52.94,196.92,27.03,439.0,315.8,71.9,75.47,72.08,760.0,347.0,406.0,1513.0,89.0,79.0,15.0,40.0,7.0,514.0,378.0,671.0,1018.0,103.0,235.0,759.0,449.0,231.0,195.0,828.0,197.0,82.0,22.52,23.65,29.15,25.0,29.0,35.0,1517.99,1107.0,1109.76,94.0,11.86,16.44,16.44,70.74,70.82,69.1
SEA,2023,SEA,SEA,Team Level,5on5,26,0.51,0.52,0.51,77433.0,642.11,49.25,40.84,163.95,21.47,356.28,262.22,47.82,50.1,48.65,617.0,277.0,368.0,1262.0,45.0,59.0,7.0,40.0,1.0,417.0,332.0,572.0,849.0,85.0,201.0,551.0,428.0,171.0,116.0,715.0,132.0,47.0,20.28,16.13,12.84,20.0,17.0,8.0,1264.9,894.0,899.6,58.0,8.42,10.21,10.21,47.46,48.17,47.28,616.14,47.8,38.57,159.75,20.77,337.39,248.72,46.06,47.96,46.24,588.0,265.0,325.0,1178.0,56.0,61.0,9.0,32.0,3.0,413.0,288.0,532.0,797.0,91.0,211.0,588.0,419.0,190.0,164.0,660.0,148.0,45.0,17.05,17.81,12.95,19.0,21.0,16.0,1182.99,853.0,855.76,86.0,8.0,10.51,10.51,45.29,45.37,44.49
SEA,2023,SEA,SEA,Team Level,4on5,26,0.14,0.12,0.16,6605.0,20.76,2.23,1.05,2.96,0.79,6.34,13.63,2.1,2.23,2.1,22.0,5.0,0.0,27.0,2.0,4.0,1.0,0.0,1.0,3.0,17.0,20.0,25.0,3.0,8.0,48.0,16.0,20.0,4.0,21.0,1.0,5.0,0.68,0.09,1.46,1.0,0.0,1.0,27.0,27.0,27.0,3.0,0.24,0.89,0.89,1.57,1.57,1.55,106.35,14.2,9.24,23.07,3.65,64.0,32.84,13.55,14.2,13.55,100.0,47.0,54.0,201.0,17.0,13.0,3.0,4.0,1.0,67.0,45.0,83.0,130.0,5.0,10.0,63.0,5.0,9.0,18.0,103.0,26.0,18.0,3.33,2.98,7.89,4.0,5.0,8.0,201.0,147.0,147.0,0.0,2.46,4.0,4.0,12.66,12.66,12.37
SEA,2023,SEA,SEA,Team Level,5on4,26,0.86,0.88,0.86,8390.0,121.79,14.26,10.8,26.73,3.95,74.34,36.92,12.96,14.26,12.96,109.0,58.0,81.0,248.0,16.0,12.0,2.0,5.0,1.0,87.0,46.0,93.0,151.0,7.0,14.0,86.0,3.0,7.0,10.0,133.0,16.0,18.0,3.19,2.05,9.02,5.0,3.0,8.0,248.0,167.0,167.0,2.0,2.84,2.66,2.66,14.45,14.45,13.16,20.74,2.34,1.15,3.0,0.63,6.52,13.38,2.29,2.34,2.29,23.0,4.0,7.0,34.0,3.0,1.0,1.0,1.0,0.0,5.0,17.0,20.0,24.0,5.0,10.0,63.0,17.0,20.0,5.0,17.0,5.0,5.0,0.42,0.67,1.24,0.0,1.0,2.0,34.0,27.0,27.0,4.0,0.26,0.27,0.27,2.33,2.33,2.33
WSH,2023,WSH,WSH,Team Level,other,22,0.55,0.4,0.42,2819.0,34.27,10.37,2.27,5.9,1.1,16.29,11.06,8.31,10.37,8.31,30.0,17.0,10.0,57.0,10.0,4.0,1.0,2.0,0.0,17.0,14.0,20.0,37.0,1.0,2.0,33.0,6.0,7.0,2.0,18.0,13.0,16.0,0.76,1.41,8.2,3.0,1.0,6.0,57.0,47.0,47.0,0.0,0.67,1.65,1.65,9.39,9.39,7.67,46.73,8.36,3.53,9.14,1.74,26.44,15.79,7.28,8.36,7.28,36.0,29.0,21.0,86.0,5.0,4.0,1.0,2.0,0.0,37.0,17.0,31.0,60.0,1.0,2.0,33.0,7.0,7.0,7.0,37.0,19.0,9.0,1.37,2.35,4.64,1.0,1.0,3.0,86.0,65.0,65.0,2.0,1.06,0.66,0.66,8.76,8.76,7.66
WSH,2023,WSH,WSH,Team Level,all,22,0.47,0.47,0.47,80154.0,639.18,67.45,44.93,154.98,22.33,337.86,246.46,62.07,66.81,61.43,613.0,261.0,347.0,1221.0,50.0,69.0,5.0,32.0,5.0,383.0,335.0,563.0,824.0,84.0,178.0,558.0,363.0,178.0,211.0,618.0,186.0,70.0,18.36,23.38,25.71,18.0,19.0,13.0,1196.21,874.0,861.47,125.0,10.05,15.36,15.4,62.1,61.45,58.36,714.69,76.21,48.8,172.41,24.16,382.25,280.17,71.08,77.16,71.98,677.0,307.0,415.0,1399.0,65.0,67.0,8.0,30.0,3.0,450.0,369.0,612.0,919.0,78.0,167.0,656.0,336.0,183.0,205.0,710.0,173.0,101.0,19.91,21.61,34.69,18.0,25.0,22.0,1424.23,984.0,997.25,107.0,11.08,14.83,14.87,72.42,73.13,69.6
WSH,2023,WSH,WSH,Team Level,5on5,22,0.46,0.47,0.47,63647.0,486.77,42.8,32.15,123.89,17.01,256.54,192.61,40.48,42.15,39.84,469.0,196.0,283.0,948.0,33.0,49.0,3.0,24.0,4.0,302.0,253.0,436.0,632.0,74.0,158.0,417.0,339.0,147.0,185.0,487.0,143.0,35.0,14.19,18.25,10.36,14.0,16.0,3.0,923.21,665.0,652.47,111.0,6.72,9.93,9.96,39.56,38.91,37.97,547.69,49.41,35.09,138.83,18.44,290.19,222.05,47.75,50.35,48.64,522.0,232.0,319.0,1073.0,44.0,54.0,7.0,24.0,3.0,337.0,292.0,478.0,710.0,72.0,155.0,497.0,315.0,155.0,174.0,559.0,130.0,65.0,15.54,16.11,17.76,15.0,20.0,9.0,1098.23,754.0,767.25,91.0,7.28,11.89,11.92,44.77,45.47,44.61
WSH,2023,WSH,WSH,Team Level,4on5,22,0.05,0.08,0.11,6795.0,13.27,0.9,0.52,1.81,0.44,4.3,10.03,0.9,0.9,0.9,13.0,5.0,1.0,19.0,2.0,0.0,0.0,1.0,0.0,3.0,12.0,11.0,16.0,5.0,10.0,47.0,7.0,16.0,10.0,15.0,1.0,2.0,0.3,0.15,0.45,1.0,0.0,1.0,19.0,18.0,18.0,10.0,0.12,0.0,0.0,1.01,1.01,1.01,104.07,17.17,9.22,21.93,3.4,59.48,30.8,14.78,17.17,14.78,103.0,39.0,67.0,209.0,15.0,9.0,0.0,3.0,0.0,71.0,44.0,88.0,127.0,4.0,8.0,66.0,4.0,8.0,13.0,97.0,19.0,26.0,2.67,2.43,12.08,2.0,3.0,10.0,209.0,142.0,142.0,3.0,2.52,2.29,2.29,17.4,17.4,15.85
WSH,2023,WSH,WSH,Team Level,5on4,22,0.91,0.86,0.86,6893.0,104.86,13.39,9.99,23.37,3.77,60.73,32.75,12.39,13.39,12.39,101.0,43.0,53.0,197.0,5.0,16.0,1.0,5.0,1.0,61.0,56.0,96.0,139.0,4.0,8.0,61.0,11.0,8.0,14.0,98.0,29.0,17.0,3.12,3.56,6.7,0.0,2.0,3.0,197.0,144.0,144.0,4.0,2.54,3.78,3.78,12.14,12.14,11.71,16.2,1.28,0.96,2.51,0.59,6.13,11.52,1.27,1.28,1.27,16.0,7.0,8.0,31.0,1.0,0.0,0.0,1.0,0.0,5.0,16.0,15.0,22.0,1.0,2.0,60.0,10.0,13.0,11.0,17.0,5.0,1.0,0.34,0.73,0.22,0.0,1.0,0.0,31.0,23.0,23.0,11.0,0.22,0.0,0.0,1.5,1.5,1.48
ANA,2023,ANA,ANA,Team Level,other,25,0.51,0.54,0.54,4668.0,66.13,12.95,5.2,12.33,2.16,35.04,20.31,11.37,12.95,11.37,62.0,26.0,26.0,114.0,13.0,11.0,2.0,2.0,2.0,39.0,21.0,49.0,75.0,2.0,4.0,41.0,12.0,6.0,10.0,51.0,20.0,17.0,1.94,2.5,8.5,3.0,3.0,7.0,114.0,88.0,88.0,3.0,1.49,3.38,3.22,11.22,11.22,10.27,53.61,12.35,3.58,9.72,1.85,27.72,18.77,10.76,12.35,10.76,47.0,27.0,24.0,98.0,11.0,4.0,0.0,2.0,1.0,33.0,23.0,36.0,63.0,1.0,2.0,57.0,11.0,12.0,16.0,33.0,25.0,16.0,1.24,3.04,8.06,4.0,2.0,5.0,98.0,74.0,74.0,7.0,1.01,1.88,1.88,11.48,11.48,10.52
ANA,2023,ANA,ANA,Team Level,all,25,0.47,0.47,0.48,90775.0,765.1,74.55,50.73,182.38,25.69,407.53,303.12,70.63,73.56,69.68,741.0,303.0,367.0,1411.0,68.0,74.0,9.0,43.0,5.0,480.0,374.0,673.0,976.0,130.0,294.0,678.0,492.0,160.0,177.0,775.0,181.0,88.0,21.87,22.29,30.39,16.0,23.0,29.0,1377.77,1044.0,1020.83,82.0,11.43,16.16,16.16,69.82,69.0,66.75,834.35,85.41,59.35,197.07,28.34,456.75,324.08,80.58,86.91,82.04,795.0,356.0,433.0,1584.0,87.0,87.0,10.0,46.0,7.0,507.0,417.0,708.0,1064.0,109.0,247.0,734.0,362.0,155.0,186.0,816.0,239.0,96.0,23.18,30.12,32.11,27.0,35.0,25.0,1626.55,1151.0,1180.22,85.0,13.36,18.32,18.32,80.45,81.85,78.98
ANA,2023,ANA,ANA,Team Level,5on5,25,0.47,0.48,0.49,68485.0,561.77,46.27,34.47,142.22,18.97,297.06,228.01,44.61,45.28,43.66,547.0,220.0,274.0,1041.0,37.0,57.0,5.0,33.0,3.0,351.0,286.0,510.0,730.0,117.0,263.0,483.0,452.0,136.0,138.0,590.0,128.0,49.0,16.36,15.95,13.95,10.0,17.0,10.0,1007.77,767.0,743.83,66.0,7.15,12.26,12.26,41.16,40.34,39.73,585.16,51.2,39.23,146.31,19.78,314.33,237.15,49.05,52.7,50.5,561.0,247.0,307.0,1115.0,56.0,64.0,8.0,35.0,5.0,349.0,299.0,505.0,752.0,95.0,216.0,527.0,323.0,115.0,136.0,605.0,144.0,59.0,17.19,18.32,15.68,17.0,29.0,10.0,1157.55,808.0,837.22,71.0,8.15,13.3,13.49,45.87,47.27,46.3
ANA,2023,ANA,ANA,Team Level,4on5,25,0.12,0.11,0.12,10023.0,26.9,2.48,1.19,4.14,0.84,7.87,18.48,2.45,2.48,2.45,29.0,6.0,5.0,40.0,3.0,1.0,0.0,1.0,0.0,9.0,21.0,26.0,32.0,4.0,11.0,95.0,26.0,15.0,10.0,27.0,2.0,6.0,0.64,0.17,1.67,0.0,0.0,3.0,40.0,35.0,35.0,9.0,0.28,0.09,0.09,2.67,2.67,2.65,177.27,19.06,15.52,38.85,6.14,109.56,56.88,18.03,19.06,18.03,170.0,76.0,94.0,340.0,20.0,17.0,2.0,9.0,1.0,120.0,79.0,150.0,226.0,10.0,23.0,88.0,7.0,9.0,28.0,170.0,59.0,17.0,4.6,7.13,7.33,6.0,4.0,10.0,340.0,246.0,246.0,1.0,3.96,2.73,2.55,20.47,20.47,19.55
ANA,2023,ANA,ANA,Team Level,5on4,25,0.82,0.87,0.87,7599.0,110.3,12.86,9.86,23.7,3.72,67.56,36.31,12.2,12.86,12.2,103.0,51.0,62.0,216.0,15.0,5.0,2.0,7.0,0.0,81.0,46.0,88.0,139.0,7.0,16.0,59.0,2.0,3.0,19.0,107.0,31.0,16.0,2.93,3.66,6.27,3.0,3.0,9.0,216.0,154.0,154.0,4.0,2.51,0.43,0.59,14.78,14.78,14.1,18.31,2.8,1.03,2.19,0.56,5.14,11.28,2.75,2.8,2.75,17.0,6.0,8.0,31.0,0.0,2.0,0.0,0.0,0.0,5.0,16.0,17.0,23.0,3.0,6.0,62.0,21.0,19.0,6.0,8.0,11.0,4.0,0.15,1.62,1.03,0.0,0.0,0.0,31.0,23.0,23.0,6.0,0.23,0.4,0.4,2.63,2.63,2.62
NSH,2023,NSH,NSH,Team Level,other,25,0.55,0.63,0.65,3410.0,64.41,13.76,5.17,12.89,2.42,33.67,16.1,11.57,13.76,11.57,57.0,27.0,27.0,111.0,11.0,11.0,1.0,2.0,3.0,34.0,23.0,46.0,73.0,2.0,4.0,33.0,12.0,6.0,5.0,41.0,22.0,21.0,1.6,2.7,9.46,4.0,2.0,5.0,111.0,84.0,84.0,3.0,1.55,3.95,3.95,11.36,11.36,10.4,34.16,11.23,2.3,5.65,1.1,15.23,10.49,10.75,11.23,10.75,31.0,15.0,19.0,65.0,10.0,6.0,2.0,0.0,1.0,15.0,14.0,21.0,36.0,1.0,2.0,32.0,4.0,5.0,6.0,16.0,13.0,17.0,0.64,1.54,9.05,2.0,1.0,7.0,65.0,46.0,46.0,2.0,0.65,2.08,2.08,9.79,9.79,9.66
NSH,2023,NSH,NSH,Team Level,all,25,0.54,0.51,0.52,90447.0,823.03,87.5,59.33,195.18,28.5,441.73,309.76,81.94,88.19,82.54,777.0,345.0,384.0,1506.0,79.0,95.0,13.0,51.0,10.0,488.0,399.0,698.0,1043.0,95.0,217.0,700.0,536.0,166.0,236.0,773.0,246.0,103.0,22.04,31.02,34.44,25.0,27.0,27.0,1518.82,1122.0,1130.37,115.0,13.51,21.03,21.08,79.92,80.29,77.71,757.42,74.54,51.3,185.42,26.35,399.33,297.06,71.71,74.61,71.77,757.0,277.0,402.0,1436.0,80.0,77.0,12.0,38.0,2.0,468.0,369.0,677.0,954.0,105.0,243.0,693.0,498.0,155.0,267.0,770.0,183.0,81.0,21.89,22.71,29.95,29.0,21.0,30.0,1430.85,1034.0,1031.96,160.0,11.37,15.12,15.15,70.77,70.91,69.64
NSH,2023,NSH,NSH,Team Level,5on5,25,0.53,0.49,0.49,71019.0,589.58,54.59,39.35,147.85,20.41,310.67,234.13,52.19,55.28,52.79,556.0,251.0,284.0,1091.0,47.0,61.0,8.0,37.0,6.0,359.0,297.0,509.0,760.0,80.0,187.0,536.0,502.0,142.0,194.0,577.0,167.0,63.0,15.98,21.4,17.21,17.0,17.0,13.0,1103.83,807.0,815.37,101.0,8.23,12.1,12.43,50.38,50.75,49.79,603.32,48.95,38.96,154.85,21.29,320.01,242.93,47.19,49.01,47.25,609.0,218.0,316.0,1143.0,50.0,57.0,8.0,33.0,1.0,383.0,303.0,559.0,777.0,97.0,225.0,511.0,457.0,128.0,225.0,634.0,149.0,44.0,17.72,18.77,12.46,24.0,18.0,8.0,1137.85,827.0,824.96,141.0,8.12,11.1,11.43,45.64,45.79,45.12
NSH,2023,NSH,NSH,Team Level,4on5,25,0.16,0.14,0.16,7155.0,20.45,2.43,1.1,3.06,0.65,5.83,12.94,2.36,2.43,2.36,16.0,10.0,7.0,33.0,3.0,3.0,1.0,0.0,0.0,3.0,17.0,13.0,23.0,4.0,8.0,36.0,15.0,13.0,8.0,14.0,8.0,4.0,0.31,1.01,1.11,0.0,2.0,1.0,33.0,26.0,26.0,7.0,0.26,0.67,0.67,2.02,2.02,2.01,101.9,12.37,9.25,22.31,3.45,58.92,31.71,11.76,12.37,11.76,98.0,40.0,63.0,201.0,18.0,14.0,2.0,5.0,0.0,64.0,37.0,80.0,120.0,2.0,4.0,79.0,4.0,6.0,19.0,101.0,21.0,16.0,2.83,2.4,7.14,3.0,2.0,13.0,201.0,138.0,138.0,2.0,2.42,1.93,1.64,13.15,13.15,12.68
NSH,2023,NSH,NSH,Team Level,5on4,25,0.89,0.91,0.9,8863.0,148.6,16.73,13.71,31.38,5.03,91.56,46.59,15.81,16.73,15.81,148.0,57.0,66.0,271.0,18.0,20.0,3.0,12.0,1.0,92.0,62.0,130.0,187.0,9.0,18.0,95.0,7.0,5.0,29.0,141.0,49.0,15.0,4.16,5.91,6.66,4.0,6.0,8.0,271.0,205.0,205.0,4.0,3.46,4.32,4.04,16.15,16.15,15.5,18.04,2.0,0.78,2.6,0.52,5.18,11.93,2.0,2.0,2.0,19.0,4.0,4.0,27.0,2.0,0.0,0.0,0.0,0.0,6.0,15.0,17.0,21.0,5.0,12.0,71.0,33.0,16.0,17.0,19.0,0.0,4.0,0.71,0.0,1.29,0.0,0.0,2.0,27.0,23.0,23.0,15.0,0.18,0.0,0.0,2.18,2.18,2.18
CHI,2023,CHI,CHI,Team Level,other,24,0.42,0.48,0.48,3239.0,35.24,6.67,2.66,7.39,1.18,18.74,11.36,6.34,6.67,6.34,34.0,14.0,20.0,68.0,8.0,1.0,0.0,3.0,0.0,25.0,11.0,26.0,40.0,0.0,0.0,30.0,12.0,10.0,9.0,27.0,13.0,8.0,1.05,1.5,4.13,1.0,2.0,5.0,68.0,48.0,48.0,2.0,0.77,0.02,0.02,7.43,7.43,7.06,39.37,9.1,2.83,7.37,1.19,19.67,11.84,8.55,9.1,8.55,36.0,16.0,22.0,74.0,6.0,3.0,1.0,2.0,0.0,20.0,21.0,30.0,46.0,1.0,2.0,42.0,8.0,5.0,14.0,25.0,12.0,15.0,0.99,1.34,6.77,0.0,0.0,6.0,74.0,52.0,52.0,7.0,0.78,1.1,1.1,8.78,8.78,8.36
CHI,2023,CHI,CHI,Team Level,all,24,0.42,0.46,0.45,87140.0,665.68,63.74,45.37,161.09,22.13,355.46,262.21,60.87,63.4,60.53,662.0,248.0,379.0,1289.0,59.0,67.0,11.0,40.0,3.0,395.0,346.0,603.0,851.0,92.0,201.0,595.0,418.0,213.0,251.0,695.0,142.0,73.0,19.71,17.43,26.6,19.0,17.0,23.0,1263.73,910.0,896.26,143.0,10.14,14.14,14.14,59.74,59.46,58.29,799.88,86.43,56.99,188.32,26.59,434.08,309.58,82.23,87.32,83.09,781.0,321.0,420.0,1522.0,88.0,85.0,16.0,40.0,6.0,481.0,402.0,693.0,1014.0,89.0,197.0,728.0,408.0,153.0,228.0,761.0,236.0,105.0,22.89,28.26,35.29,22.0,38.0,28.0,1556.43,1102.0,1124.13,114.0,12.58,19.54,19.54,79.46,80.39,78.04
CHI,2023,CHI,CHI,Team Level,5on5,24,0.44,0.45,0.45,68973.0,524.69,44.8,33.38,131.7,17.36,278.89,210.88,42.89,44.46,42.55,524.0,193.0,298.0,1015.0,44.0,53.0,11.0,33.0,3.0,310.0,274.0,480.0,673.0,87.0,191.0,450.0,383.0,171.0,209.0,561.0,106.0,50.0,16.48,13.26,15.06,18.0,13.0,13.0,989.73,717.0,703.26,122.0,6.95,12.24,12.24,39.51,39.22,38.56,641.13,57.6,43.63,157.81,21.54,349.83,256.59,55.36,58.49,56.22,623.0,264.0,341.0,1228.0,58.0,68.0,10.0,32.0,4.0,399.0,326.0,565.0,829.0,80.0,179.0,558.0,386.0,131.0,182.0,650.0,177.0,60.0,19.42,21.52,16.66,21.0,29.0,8.0,1262.43,887.0,909.13,94.0,9.1,14.09,14.09,52.61,53.53,52.47
CHI,2023,CHI,CHI,Team Level,4on5,24,0.11,0.14,0.16,7452.0,21.02,2.18,1.12,3.18,0.59,6.4,13.54,2.18,2.18,2.18,24.0,3.0,3.0,30.0,0.0,0.0,0.0,0.0,0.0,8.0,19.0,24.0,27.0,1.0,2.0,60.0,14.0,22.0,18.0,16.0,7.0,4.0,0.37,0.84,0.97,0.0,0.0,0.0,30.0,27.0,27.0,16.0,0.26,0.0,0.0,2.43,2.43,2.43,100.18,16.83,9.16,20.36,3.19,58.07,29.39,15.54,16.83,15.54,103.0,34.0,52.0,189.0,20.0,14.0,5.0,5.0,2.0,59.0,37.0,83.0,117.0,7.0,14.0,72.0,2.0,2.0,20.0,72.0,40.0,25.0,2.02,4.46,10.34,0.0,8.0,12.0,189.0,137.0,137.0,2.0,2.39,4.35,4.35,14.87,14.87,14.11
CHI,2023,CHI,CHI,Team Level,5on4,24,0.78,0.85,0.82,7476.0,84.73,10.09,8.21,18.82,3.01,51.43,26.44,9.47,10.09,9.47,80.0,38.0,58.0,176.0,7.0,13.0,0.0,4.0,0.0,52.0,42.0,73.0,111.0,4.0,8.0,55.0,9.0,10.0,15.0,91.0,16.0,11.0,1.82,1.82,6.46,0.0,2.0,5.0,176.0,118.0,118.0,3.0,2.16,1.89,1.89,10.37,10.37,10.23,19.2,2.9,1.37,2.78,0.68,6.5,11.77,2.79,2.9,2.79,19.0,7.0,5.0,31.0,4.0,0.0,0.0,1.0,0.0,3.0,18.0,15.0,22.0,1.0,2.0,56.0,12.0,15.0,12.0,14.0,7.0,5.0,0.46,0.93,1.51,1.0,1.0,2.0,31.0,26.0,26.0,11.0,0.31,0.0,0.0,3.21,3.21,3.09
SJS,2023,SJS,SJS,Team Level,other,26,0.43,0.42,0.42,3491.0,41.93,8.51,3.29,7.74,1.4,23.46,12.58,7.63,8.51,7.63,31.0,26.0,25.0,82.0,8.0,3.0,1.0,0.0,0.0,32.0,14.0,23.0,49.0,3.0,6.0,46.0,3.0,6.0,4.0,30.0,12.0,15.0,1.21,1.55,5.76,1.0,1.0,6.0,82.0,57.0,57.0,2.0,0.98,0.69,0.69,8.8,8.8,8.03,57.44,11.35,4.56,10.61,1.91,33.95,17.63,9.91,11.35,9.91,50.0,30.0,33.0,113.0,9.0,7.0,3.0,6.0,2.0,34.0,22.0,41.0,71.0,5.0,10.0,44.0,9.0,7.0,7.0,43.0,21.0,16.0,1.92,2.54,6.9,1.0,2.0,6.0,113.0,80.0,80.0,4.0,1.37,2.23,2.23,10.49,10.49,9.2
SJS,2023,SJS,SJS,Team Level,all,26,0.38,0.41,0.41,94495.0,683.17,64.58,46.56,167.66,23.94,369.91,272.35,61.57,63.96,60.97,647.0,298.0,387.0,1332.0,52.0,80.0,9.0,35.0,6.0,388.0,384.0,595.0,893.0,108.0,243.0,784.0,436.0,164.0,137.0,695.0,164.0,86.0,18.22,20.33,26.03,17.0,20.0,15.0,1306.03,945.0,932.99,73.0,10.34,14.53,14.53,60.39,59.84,58.06,977.53,105.37,70.9,224.17,32.66,534.59,374.31,99.18,106.85,100.55,969.0,373.0,573.0,1915.0,104.0,96.0,21.0,58.0,7.0,648.0,429.0,865.0,1238.0,85.0,200.0,730.0,356.0,196.0,181.0,953.0,276.0,113.0,29.79,34.35,41.24,44.0,33.0,27.0,1963.66,1342.0,1362.84,77.0,16.0,24.73,24.77,96.59,97.87,94.16
SJS,2023,SJS,SJS,Team Level,5on5,26,0.4,0.42,0.42,76278.0,535.7,43.83,34.87,138.08,18.78,290.17,216.28,42.26,43.21,41.66,513.0,229.0,308.0,1050.0,33.0,68.0,7.0,33.0,5.0,295.0,308.0,480.0,709.0,94.0,215.0,612.0,415.0,132.0,119.0,568.0,122.0,52.0,14.51,15.22,14.1,13.0,14.0,6.0,1024.03,742.0,729.99,63.0,7.22,11.79,11.79,39.25,38.71,38.07,730.8,66.27,50.02,177.8,24.6,398.97,289.34,63.12,67.75,64.49,736.0,271.0,440.0,1447.0,68.0,71.0,11.0,44.0,4.0,492.0,328.0,668.0,939.0,70.0,170.0,561.0,332.0,171.0,149.0,751.0,192.0,64.0,23.41,23.77,19.09,36.0,25.0,7.0,1495.66,1007.0,1027.84,69.0,10.41,16.67,16.71,59.97,61.25,60.14
SJS,2023,SJS,SJS,Team Level,4on5,26,0.07,0.11,0.13,8205.0,24.17,1.95,1.26,3.39,0.74,8.31,17.35,1.95,1.95,1.95,28.0,5.0,4.0,37.0,0.0,0.0,0.0,0.0,0.0,13.0,20.0,28.0,33.0,6.0,12.0,67.0,15.0,21.0,6.0,27.0,2.0,4.0,0.67,0.25,1.04,0.0,0.0,0.0,37.0,33.0,33.0,6.0,0.28,0.0,0.0,2.23,2.23,2.23,156.82,24.34,14.7,31.26,5.19,92.05,45.45,22.85,24.34,22.85,149.0,64.0,91.0,304.0,23.0,16.0,5.0,7.0,1.0,114.0,52.0,126.0,190.0,8.0,16.0,77.0,3.0,6.0,19.0,131.0,54.0,28.0,3.59,6.88,13.87,6.0,4.0,13.0,304.0,213.0,213.0,0.0,3.83,5.25,5.25,22.92,22.92,21.68
SJS,2023,SJS,SJS,Team Level,5on4,26,0.75,0.76,0.73,6521.0,81.37,10.28,7.15,18.44,3.02,47.97,26.14,9.73,10.28,9.73,75.0,38.0,50.0,163.0,11.0,9.0,1.0,2.0,1.0,48.0,42.0,64.0,102.0,5.0,10.0,59.0,3.0,5.0,8.0,70.0,28.0,15.0,1.84,3.32,5.13,3.0,5.0,3.0,163.0,113.0,113.0,2.0,1.87,2.05,2.05,10.1,10.1,9.73,32.46,3.42,1.62,4.5,0.96,9.62,21.89,3.3,3.42,3.3,34.0,8.0,9.0,51.0,4.0,2.0,2.0,1.0,0.0,8.0,27.0,30.0,38.0,2.0,4.0,48.0,12.0,12.0,6.0,28.0,9.0,5.0,0.88,1.15,1.39,1.0,2.0,1.0,51.0,42.0,42.0,4.0,0.38,0.58,0.58,3.21,3.21,3.13
LAK,2023,LAK,LAK,Team Level,other,22,0.66,0.5,0.52,1663.0,22.43,6.44,1.48,3.95,0.8,10.59,8.74,5.7,6.44,5.7,19.0,13.0,11.0,43.0,9.0,1.0,0.0,0.0,0.0,7.0,15.0,10.0,23.0,1.0,2.0,22.0,6.0,2.0,2.0,15.0,6.0,11.0,0.66,0.78,5.0,4.0,0.0,5.0,43.0,32.0,32.0,2.0,0.4,0.36,0.36,6.48,6.48,5.95,21.49,3.39,1.48,4.22,0.68,11.76,7.46,3.36,3.39,3.36,14.0,15.0,14.0,43.0,2.0,1.0,0.0,0.0,0.0,12.0,14.0,12.0,27.0,0.0,0.0,21.0,5.0,4.0,5.0,17.0,7.0,5.0,0.7,0.76,1.93,1.0,0.0,1.0,43.0,29.0,29.0,2.0,0.43,0.28,0.28,3.54,3.54,3.53
LAK,2023,LAK,LAK,Team Level,all,22,0.58,0.56,0.56,80058.0,778.92,79.87,54.01,185.99,26.24,413.68,305.19,75.86,80.69,76.64,725.0,340.0,409.0,1474.0,85.0,83.0,11.0,40.0,3.0,447.0,407.0,640.0,980.0,79.0,182.0,646.0,374.0,94.0,164.0,773.0,188.0,104.0,21.66,23.65,34.57,25.0,29.0,31.0,1502.85,1065.0,1081.45,111.0,11.99,19.07,19.07,72.8,73.6,71.5,612.9,58.21,43.29,142.29,20.31,340.58,243.32,52.77,58.17,52.72,591.0,257.0,330.0,1178.0,51.0,50.0,8.0,42.0,5.0,398.0,302.0,540.0,797.0,90.0,200.0,641.0,454.0,106.0,165.0,645.0,145.0,58.0,19.06,17.35,21.79,19.0,19.0,13.0,1161.16,848.0,839.14,119.0,9.68,13.17,13.17,54.71,54.61,52.2
LAK,2023,LAK,LAK,Team Level,5on5,22,0.59,0.57,0.57,63365.0,608.35,53.53,39.85,150.4,20.36,322.94,246.93,51.63,54.34,52.41,577.0,257.0,317.0,1151.0,58.0,65.0,8.0,33.0,3.0,346.0,329.0,519.0,776.0,72.0,166.0,492.0,337.0,79.0,134.0,628.0,147.0,59.0,17.97,18.41,17.16,20.0,24.0,14.0,1179.85,834.0,850.45,98.0,8.28,14.02,14.02,47.78,48.58,47.88,456.84,37.63,30.2,111.43,15.28,251.7,186.76,36.38,37.6,36.34,446.0,187.0,249.0,882.0,38.0,37.0,8.0,30.0,2.0,295.0,231.0,408.0,595.0,83.0,186.0,486.0,417.0,83.0,121.0,491.0,109.0,33.0,14.72,13.13,9.78,15.0,15.0,8.0,865.16,633.0,624.14,90.0,6.25,8.42,8.42,35.46,35.36,34.7
LAK,2023,LAK,LAK,Team Level,4on5,22,0.09,0.1,0.12,7235.0,16.49,1.48,0.71,2.28,0.46,4.74,11.32,1.48,1.48,1.48,17.0,4.0,4.0,25.0,3.0,0.0,0.0,1.0,0.0,3.0,14.0,14.0,18.0,2.0,4.0,59.0,25.0,10.0,9.0,16.0,1.0,4.0,0.39,0.12,0.97,1.0,0.0,2.0,25.0,21.0,21.0,8.0,0.17,0.0,0.0,1.65,1.65,1.65,116.17,15.36,10.7,24.26,3.78,71.08,35.81,11.21,15.36,11.21,110.0,51.0,62.0,223.0,8.0,12.0,0.0,11.0,3.0,85.0,42.0,102.0,153.0,5.0,10.0,80.0,10.0,6.0,13.0,119.0,24.0,18.0,3.27,2.66,9.43,2.0,2.0,4.0,223.0,161.0,161.0,1.0,2.78,4.47,4.47,13.68,13.68,11.94
LAK,2023,LAK,LAK,Team Level,5on4,22,0.91,0.89,0.88,7795.0,131.65,18.42,11.97,29.37,4.63,75.41,38.2,17.04,18.42,17.04,112.0,66.0,77.0,255.0,15.0,17.0,3.0,6.0,0.0,91.0,49.0,97.0,163.0,4.0,10.0,73.0,6.0,3.0,19.0,114.0,34.0,30.0,2.64,4.34,11.45,0.0,5.0,10.0,255.0,178.0,178.0,3.0,3.15,4.68,4.68,16.89,16.89,16.01,18.4,1.82,0.91,2.37,0.58,6.03,13.29,1.82,1.82,1.82,21.0,4.0,5.0,30.0,3.0,0.0,0.0,1.0,0.0,6.0,15.0,18.0,22.0,2.0,4.0,54.0,22.0,13.0,26.0,18.0,5.0,2.0,0.38,0.79,0.65,1.0,2.0,0.0,30.0,25.0,25.0,26.0,0.21,0.0,0.0,2.03,2.03,2.03
PHI,2023,PHI,PHI,Team Level,other,25,0.41,0.38,0.37,3104.0,32.49,7.32,2.19,6.22,1.19,16.52,11.57,7.13,7.32,7.13,33.0,12.0,23.0,68.0,8.0,3.0,1.0,4.0,0.0,12.0,18.0,25.0,37.0,5.0,10.0,32.0,7.0,10.0,8.0,27.0,8.0,10.0,0.98,0.92,5.42,2.0,1.0,5.0,68.0,45.0,45.0,4.0,0.62,1.37,1.37,6.58,6.58,6.44,59.4,10.66,4.4,11.52,2.03,30.15,19.23,9.88,10.66,9.88,50.0,28.0,35.0,113.0,10.0,6.0,2.0,3.0,0.0,43.0,16.0,40.0,68.0,2.0,4.0,51.0,2.0,9.0,8.0,43.0,22.0,13.0,1.94,2.71,6.01,2.0,3.0,5.0,113.0,78.0,78.0,4.0,1.22,1.88,1.88,10.0,10.0,9.54
PHI,2023,PHI,PHI,Team Level,all,25,0.52,0.51,0.52,91056.0,817.81,72.83,55.98,200.07,27.46,441.04,327.63,69.93,73.2,70.29,822.0,303.0,413.0,1538.0,72.0,84.0,7.0,45.0,2.0,506.0,416.0,750.0,1053.0,99.0,228.0,673.0,406.0,170.0,170.0,851.0,193.0,81.0,22.78,23.66,26.39,26.0,26.0,20.0,1544.69,1125.0,1125.76,113.0,12.27,18.26,18.26,66.83,67.28,66.0,742.21,66.67,50.06,181.34,25.7,403.37,298.85,64.14,66.84,64.29,702.0,324.0,479.0,1505.0,70.0,67.0,9.0,48.0,5.0,464.0,372.0,632.0,956.0,100.0,230.0,772.0,349.0,149.0,228.0,781.0,186.0,59.0,22.65,23.91,20.12,32.0,20.0,18.0,1504.25,1026.0,1029.38,136.0,11.1,12.15,12.15,65.63,65.81,64.46
PHI,2023,PHI,PHI,Team Level,5on5,25,0.53,0.51,0.53,71737.0,636.05,50.83,41.22,163.23,21.5,341.78,256.43,49.22,51.21,49.59,632.0,243.0,334.0,1209.0,50.0,64.0,3.0,33.0,2.0,406.0,320.0,582.0,825.0,83.0,196.0,509.0,370.0,122.0,133.0,671.0,155.0,49.0,17.22,19.11,14.51,20.0,21.0,9.0,1215.69,875.0,875.76,93.0,8.55,12.86,12.86,46.52,46.97,46.26,567.39,45.14,36.21,144.56,19.43,306.97,231.69,44.03,45.3,44.18,543.0,241.0,374.0,1158.0,51.0,50.0,6.0,33.0,4.0,364.0,282.0,492.0,733.0,87.0,204.0,582.0,328.0,116.0,180.0,607.0,142.0,35.0,17.1,18.55,9.49,27.0,17.0,7.0,1157.24,784.0,787.38,115.0,7.52,8.09,8.09,44.57,44.75,44.17
PHI,2023,PHI,PHI,Team Level,4on5,25,0.26,0.19,0.25,7960.0,33.74,3.37,1.8,4.76,0.98,10.68,23.43,3.37,3.37,3.37,40.0,5.0,3.0,48.0,6.0,0.0,0.0,1.0,0.0,7.0,31.0,34.0,39.0,2.0,4.0,52.0,21.0,28.0,15.0,33.0,5.0,7.0,0.91,0.68,1.78,3.0,1.0,2.0,48.0,45.0,45.0,14.0,0.42,0.0,0.0,3.79,3.79,3.79,94.2,9.65,8.42,21.65,3.49,58.89,31.92,9.01,9.65,9.01,82.0,52.0,67.0,201.0,8.0,10.0,1.0,12.0,1.0,53.0,50.0,74.0,126.0,7.0,14.0,84.0,3.0,10.0,27.0,103.0,21.0,10.0,2.77,2.49,4.39,3.0,0.0,5.0,201.0,134.0,134.0,5.0,2.11,2.11,2.11,9.65,9.65,9.35
PHI,2023,PHI,PHI,Team Level,5on4,25,0.9,0.87,0.84,8255.0,115.54,11.3,10.78,25.86,3.79,72.07,36.2,10.2,11.3,10.2,117.0,43.0,53.0,213.0,8.0,17.0,3.0,7.0,0.0,81.0,47.0,109.0,152.0,9.0,18.0,80.0,8.0,10.0,14.0,120.0,25.0,15.0,3.67,2.95,4.68,1.0,3.0,4.0,213.0,160.0,160.0,2.0,2.68,4.03,4.03,9.95,9.95,9.52,21.22,1.23,1.03,3.61,0.75,7.36,16.01,1.22,1.23,1.22,27.0,3.0,3.0,33.0,1.0,1.0,0.0,0.0,0.0,4.0,24.0,26.0,29.0,4.0,8.0,55.0,16.0,14.0,13.0,28.0,1.0,1.0,0.84,0.16,0.23,0.0,0.0,1.0,33.0,30.0,30.0,12.0,0.24,0.06,0.06,1.41,1.41,1.4
TBL,2023,TBL,TBL,Team Level,other,27,0.36,0.44,0.45,3731.0,41.87,7.78,3.27,7.74,1.47,23.8,12.95,7.05,7.78,7.05,36.0,21.0,16.0,73.0,9.0,5.0,2.0,4.0,0.0,20.0,19.0,27.0,48.0,2.0,4.0,45.0,8.0,5.0,10.0,29.0,19.0,9.0,1.18,2.53,4.07,1.0,4.0,4.0,73.0,57.0,57.0,0.0,0.94,1.48,1.48,7.23,7.23,6.86,50.05,13.65,3.04,8.78,1.65,24.69,17.19,13.33,13.65,13.33,49.0,20.0,23.0,92.0,13.0,3.0,0.0,4.0,0.0,26.0,23.0,36.0,56.0,2.0,4.0,41.0,3.0,10.0,2.0,32.0,19.0,18.0,1.24,2.23,10.18,1.0,3.0,9.0,92.0,69.0,69.0,1.0,0.94,0.83,0.83,13.76,13.76,13.42
TBL,2023,TBL,TBL,Team Level,all,27,0.51,0.51,0.51,97948.0,876.18,91.13,61.62,204.44,29.62,471.07,343.13,86.44,91.09,86.45,820.0,381.0,462.0,1663.0,90.0,90.0,14.0,59.0,4.0,518.0,440.0,730.0,1111.0,102.0,241.0,773.0,499.0,152.0,209.0,858.0,246.0,97.0,25.71,31.16,34.25,31.0,33.0,26.0,1665.3,1201.0,1201.38,90.0,13.81,19.62,19.65,85.29,85.26,83.31,849.43,87.33,57.04,204.52,28.7,448.23,329.18,83.76,87.95,84.32,830.0,325.0,431.0,1586.0,94.0,101.0,10.0,51.0,4.0,461.0,444.0,736.0,1061.0,108.0,245.0,743.0,420.0,197.0,174.0,830.0,232.0,93.0,23.98,28.86,34.49,29.0,42.0,23.0,1593.25,1155.0,1164.5,87.0,12.73,20.91,20.91,79.14,79.73,78.13
TBL,2023,TBL,TBL,Team Level,5on5,27,0.5,0.51,0.5,78951.0,668.68,59.39,45.04,162.84,22.32,359.67,269.75,56.91,59.36,56.91,628.0,291.0,396.0,1315.0,52.0,66.0,7.0,39.0,4.0,413.0,345.0,576.0,867.0,93.0,212.0,591.0,465.0,134.0,175.0,689.0,170.0,60.0,20.71,21.48,17.2,27.0,20.0,5.0,1317.3,919.0,919.38,83.0,9.37,13.87,13.9,54.86,54.83,53.87,672.57,58.97,42.9,169.56,22.93,352.78,265.87,56.28,59.59,56.84,656.0,257.0,349.0,1262.0,68.0,85.0,8.0,40.0,2.0,363.0,355.0,588.0,845.0,98.0,222.0,573.0,403.0,162.0,145.0,675.0,180.0,58.0,19.34,22.44,17.19,25.0,35.0,8.0,1269.25,913.0,922.5,73.0,8.95,17.1,17.1,50.81,51.39,50.46
TBL,2023,TBL,TBL,Team Level,4on5,27,0.17,0.16,0.2,7671.0,27.2,2.82,1.72,4.54,1.22,9.29,17.41,2.54,2.82,2.54,24.0,13.0,2.0,39.0,0.0,4.0,0.0,1.0,0.0,7.0,25.0,24.0,37.0,3.0,14.0,63.0,20.0,12.0,8.0,22.0,13.0,2.0,0.74,1.59,0.49,0.0,0.0,0.0,39.0,37.0,37.0,6.0,0.39,0.65,0.65,2.56,2.56,2.48,108.91,13.43,10.25,23.66,3.6,65.07,33.0,12.86,13.43,12.86,109.0,40.0,56.0,205.0,12.0,13.0,2.0,7.0,2.0,67.0,48.0,97.0,137.0,5.0,10.0,62.0,6.0,4.0,16.0,104.0,29.0,16.0,2.87,3.67,6.89,3.0,4.0,5.0,205.0,149.0,149.0,2.0,2.64,2.98,2.98,13.09,13.09,12.77
TBL,2023,TBL,TBL,Team Level,5on4,27,0.94,0.9,0.89,7595.0,138.44,21.14,11.59,29.32,4.62,78.31,43.02,19.94,21.14,19.94,132.0,56.0,48.0,236.0,29.0,15.0,5.0,15.0,0.0,78.0,51.0,103.0,159.0,4.0,11.0,74.0,6.0,1.0,16.0,118.0,44.0,26.0,3.09,5.56,12.49,3.0,9.0,17.0,236.0,188.0,188.0,1.0,3.11,3.61,3.61,20.64,20.64,20.1,17.89,1.29,0.84,2.53,0.53,5.69,13.12,1.28,1.29,1.28,16.0,8.0,3.0,27.0,1.0,0.0,0.0,0.0,0.0,5.0,18.0,15.0,23.0,3.0,9.0,67.0,8.0,21.0,11.0,19.0,4.0,1.0,0.53,0.53,0.23,0.0,0.0,1.0,27.0,24.0,24.0,11.0,0.19,0.0,0.0,1.48,1.48,1.47
DAL,2023,DAL,DAL,Team Level,other,24,0.55,0.47,0.44,3572.0,44.06,10.5,3.42,8.29,1.78,25.63,14.38,10.15,10.5,10.15,38.0,26.0,29.0,93.0,7.0,6.0,0.0,2.0,0.0,30.0,19.0,31.0,57.0,2.0,4.0,48.0,7.0,4.0,9.0,25.0,23.0,16.0,0.93,2.57,7.01,1.0,1.0,5.0,93.0,64.0,64.0,7.0,0.97,1.9,1.9,9.57,9.57,9.37,58.28,8.76,4.22,12.05,2.12,33.38,20.47,8.29,8.76,8.29,56.0,25.0,25.0,106.0,7.0,5.0,1.0,3.0,1.0,37.0,28.0,49.0,74.0,1.0,2.0,43.0,5.0,6.0,13.0,50.0,20.0,11.0,1.95,2.24,4.57,0.0,3.0,4.0,106.0,81.0,81.0,3.0,1.15,1.6,1.6,8.3,8.3,7.86
DAL,2023,DAL,DAL,Team Level,all,24,0.52,0.5,0.5,87353.0,768.38,79.35,53.9,183.23,26.92,418.01,302.59,75.82,79.81,76.29,715.0,349.0,418.0,1482.0,82.0,88.0,12.0,46.0,3.0,434.0,411.0,633.0,982.0,86.0,191.0,751.0,318.0,154.0,181.0,759.0,217.0,88.0,22.33,25.8,31.22,25.0,27.0,30.0,1494.21,1064.0,1070.51,91.0,12.06,19.65,19.69,71.72,72.24,70.41,782.71,72.43,52.97,186.26,26.08,427.52,311.75,69.9,72.07,69.57,755.0,322.0,392.0,1469.0,70.0,59.0,10.0,47.0,5.0,500.0,396.0,685.0,1007.0,76.0,168.0,674.0,432.0,163.0,189.0,795.0,201.0,81.0,21.48,24.22,26.72,20.0,26.0,24.0,1456.81,1077.0,1069.28,88.0,11.84,11.98,11.98,72.28,72.04,70.17
DAL,2023,DAL,DAL,Team Level,5on5,24,0.53,0.51,0.51,70443.0,601.47,51.7,40.0,151.24,20.82,328.26,241.98,49.58,52.16,50.05,548.0,286.0,324.0,1158.0,54.0,65.0,8.0,41.0,3.0,330.0,341.0,494.0,780.0,72.0,163.0,577.0,291.0,126.0,154.0,630.0,151.0,53.0,18.85,18.18,14.67,21.0,19.0,14.0,1170.21,834.0,840.51,76.0,8.33,13.24,13.28,46.75,47.27,46.36,574.03,46.7,35.92,144.68,19.05,307.88,233.78,45.45,46.34,45.12,545.0,243.0,308.0,1096.0,49.0,45.0,8.0,30.0,3.0,365.0,296.0,496.0,739.0,67.0,150.0,507.0,403.0,136.0,154.0,601.0,135.0,52.0,15.54,16.61,14.55,16.0,21.0,12.0,1083.81,788.0,780.28,77.0,7.46,8.07,8.07,46.08,45.84,45.15
DAL,2023,DAL,DAL,Team Level,4on5,24,0.19,0.16,0.16,7222.0,27.96,3.7,1.44,3.8,0.78,7.88,17.41,3.62,3.7,3.62,25.0,10.0,8.0,43.0,4.0,2.0,0.0,0.0,0.0,9.0,20.0,21.0,31.0,3.0,6.0,65.0,12.0,21.0,3.0,19.0,10.0,6.0,0.52,1.31,1.87,1.0,2.0,1.0,43.0,35.0,35.0,3.0,0.33,0.4,0.4,3.63,3.63,3.57,129.37,15.46,11.93,26.36,4.31,79.88,42.05,14.65,15.46,14.65,131.0,49.0,54.0,234.0,11.0,9.0,1.0,12.0,1.0,94.0,53.0,120.0,169.0,6.0,12.0,78.0,9.0,5.0,17.0,122.0,41.0,17.0,3.29,4.77,7.4,2.0,1.0,8.0,234.0,180.0,180.0,4.0,3.03,2.3,2.3,16.18,16.18,15.45
DAL,2023,DAL,DAL,Team Level,5on4,24,0.9,0.85,0.82,6116.0,94.89,13.45,9.04,19.9,3.54,56.25,28.83,12.48,13.45,12.48,104.0,27.0,57.0,188.0,17.0,15.0,4.0,3.0,0.0,65.0,31.0,87.0,114.0,9.0,18.0,61.0,8.0,3.0,15.0,85.0,33.0,13.0,2.03,3.74,7.67,2.0,5.0,10.0,188.0,131.0,131.0,5.0,2.43,4.11,4.11,11.77,11.77,11.12,21.02,1.51,0.9,3.17,0.59,6.38,15.44,1.51,1.51,1.51,23.0,5.0,5.0,33.0,3.0,0.0,0.0,2.0,0.0,4.0,19.0,20.0,25.0,2.0,4.0,46.0,15.0,16.0,5.0,22.0,5.0,1.0,0.7,0.61,0.2,2.0,1.0,0.0,33.0,28.0,28.0,4.0,0.21,0.0,0.0,1.72,1.72,1.72
NJD,2023,NJD,NJD,Team Level,other,23,0.48,0.59,0.56,4011.0,58.02,12.99,4.59,10.62,2.03,32.34,15.42,11.39,12.99,11.39,58.0,20.0,31.0,109.0,15.0,9.0,2.0,5.0,1.0,35.0,13.0,43.0,63.0,2.0,4.0,51.0,7.0,6.0,10.0,37.0,22.0,19.0,1.81,2.73,8.45,5.0,4.0,6.0,109.0,78.0,78.0,5.0,1.28,2.33,2.33,11.94,11.94,10.91,43.22,14.26,2.96,6.93,1.36,21.68,13.8,13.24,14.26,13.24,44.0,17.0,16.0,77.0,12.0,3.0,1.0,2.0,0.0,26.0,18.0,32.0,49.0,5.0,13.0,39.0,4.0,8.0,8.0,27.0,11.0,23.0,1.09,1.37,11.8,1.0,1.0,10.0,77.0,61.0,61.0,1.0,0.84,1.44,1.44,13.66,13.66,12.73
NJD,2023,NJD,NJD,Team Level,all,23,0.52,0.56,0.53,83267.0,782.28,84.15,53.6,188.23,26.74,420.1,297.18,79.93,84.51,80.26,759.0,311.0,462.0,1532.0,85.0,96.0,18.0,41.0,6.0,462.0,380.0,674.0,985.0,86.0,183.0,697.0,423.0,158.0,187.0,773.0,195.0,102.0,22.65,24.76,36.74,25.0,27.0,33.0,1534.13,1070.0,1072.42,95.0,12.02,21.65,21.65,74.52,74.7,72.46,684.91,76.5,46.83,158.84,22.92,361.77,266.14,72.31,76.84,72.63,679.0,254.0,291.0,1224.0,87.0,73.0,15.0,27.0,4.0,404.0,338.0,592.0,846.0,82.0,182.0,614.0,419.0,130.0,169.0,660.0,176.0,97.0,18.57,21.75,36.19,22.0,28.0,37.0,1230.11,933.0,936.74,91.0,10.52,15.68,15.68,71.35,71.62,68.65
NJD,2023,NJD,NJD,Team Level,5on5,23,0.55,0.57,0.55,66008.0,609.47,53.56,39.66,155.32,20.9,326.79,239.79,51.59,53.92,51.93,581.0,255.0,357.0,1193.0,46.0,71.0,12.0,33.0,4.0,367.0,315.0,535.0,790.0,76.0,163.0,531.0,396.0,139.0,155.0,633.0,143.0,60.0,17.83,18.21,17.51,15.0,18.0,13.0,1195.13,836.0,838.42,82.0,8.27,14.66,14.87,46.96,47.14,46.33,513.66,44.6,32.89,126.55,17.31,269.21,206.44,43.05,44.94,43.38,511.0,186.0,221.0,918.0,57.0,55.0,11.0,22.0,4.0,299.0,260.0,454.0,640.0,71.0,157.0,467.0,387.0,110.0,145.0,515.0,132.0,50.0,14.33,16.74,13.54,18.0,24.0,15.0,924.11,697.0,700.75,85.0,6.85,10.97,11.25,40.2,40.48,39.81
NJD,2023,NJD,NJD,Team Level,4on5,23,0.05,0.11,0.13,7134.0,16.76,0.82,0.73,2.5,0.56,5.72,12.67,0.82,0.82,0.82,18.0,5.0,2.0,25.0,2.0,0.0,0.0,0.0,0.0,6.0,15.0,16.0,21.0,3.0,6.0,60.0,15.0,11.0,10.0,21.0,2.0,0.0,0.6,0.22,0.0,1.0,1.0,0.0,25.0,23.0,23.0,8.0,0.16,0.0,0.0,0.98,0.98,0.98,110.55,16.2,10.19,22.97,3.75,65.62,33.26,14.62,16.2,14.62,106.0,46.0,54.0,206.0,17.0,15.0,3.0,3.0,0.0,73.0,44.0,89.0,135.0,4.0,8.0,54.0,10.0,2.0,12.0,101.0,28.0,23.0,2.53,3.02,10.64,3.0,2.0,12.0,206.0,152.0,152.0,1.0,2.65,3.27,2.99,15.87,15.87,14.54
NJD,2023,NJD,NJD,Team Level,5on4,23,0.92,0.9,0.85,6114.0,98.04,16.79,8.63,19.79,3.25,55.25,29.29,16.13,16.79,16.13,102.0,31.0,72.0,205.0,22.0,16.0,4.0,3.0,1.0,54.0,37.0,80.0,111.0,5.0,10.0,55.0,5.0,2.0,12.0,82.0,28.0,23.0,2.4,3.6,10.78,4.0,4.0,14.0,205.0,133.0,133.0,0.0,2.31,4.66,4.45,14.64,14.64,14.24,17.48,1.44,0.79,2.38,0.49,5.26,12.64,1.39,1.44,1.39,18.0,5.0,0.0,23.0,1.0,0.0,0.0,0.0,0.0,6.0,16.0,17.0,22.0,2.0,4.0,54.0,18.0,10.0,4.0,17.0,5.0,1.0,0.62,0.61,0.21,0.0,1.0,0.0,23.0,23.0,23.0,4.0,0.18,0.0,0.0,1.62,1.62,1.57
CAR,2023,CAR,CAR,Team Level,other,25,0.46,0.57,0.52,2440.0,33.91,8.17,2.35,6.15,1.12,16.64,10.58,7.6,8.17,7.6,32.0,13.0,27.0,72.0,8.0,3.0,1.0,4.0,1.0,16.0,13.0,24.0,37.0,0.0,0.0,33.0,5.0,5.0,4.0,18.0,13.0,14.0,0.67,1.45,6.06,2.0,0.0,6.0,72.0,45.0,45.0,2.0,0.72,1.1,1.1,7.79,7.79,7.52,29.75,9.69,1.76,4.76,0.96,13.27,11.56,9.23,9.69,9.23,25.0,17.0,12.0,54.0,9.0,1.0,0.0,0.0,0.0,13.0,19.0,16.0,33.0,1.0,2.0,23.0,8.0,6.0,4.0,18.0,9.0,15.0,0.8,1.06,7.83,1.0,2.0,6.0,54.0,42.0,42.0,2.0,0.52,0.13,0.13,10.07,10.07,9.64
CAR,2023,CAR,CAR,Team Level,all,25,0.54,0.61,0.6,90920.0,941.29,83.92,61.29,239.85,32.75,512.97,372.23,78.34,83.96,78.37,871.0,432.0,555.0,1858.0,82.0,99.0,9.0,51.0,9.0,645.0,417.0,789.0,1221.0,89.0,194.0,779.0,310.0,172.0,184.0,1002.0,213.0,88.0,26.86,25.62,31.43,27.0,27.0,28.0,1850.05,1303.0,1298.19,83.0,13.62,16.71,16.71,80.83,80.72,78.6,649.27,71.23,43.76,155.51,21.69,338.7,255.1,68.52,71.39,68.69,627.0,259.0,295.0,1181.0,83.0,72.0,7.0,35.0,5.0,345.0,346.0,544.0,803.0,102.0,224.0,750.0,384.0,172.0,206.0,615.0,193.0,78.0,17.83,24.33,29.07,23.0,37.0,23.0,1192.14,886.0,892.79,125.0,9.73,15.02,15.02,65.94,66.15,64.82
CAR,2023,CAR,CAR,Team Level,5on5,25,0.55,0.61,0.6,73272.0,750.86,54.02,46.82,200.34,26.34,411.96,304.52,51.73,54.06,51.77,692.0,352.0,434.0,1478.0,53.0,81.0,6.0,40.0,6.0,526.0,338.0,639.0,991.0,79.0,169.0,609.0,283.0,137.0,152.0,837.0,160.0,47.0,22.34,19.27,12.41,23.0,18.0,12.0,1470.05,1044.0,1039.19,73.0,9.72,11.08,11.08,52.65,52.54,51.24,514.39,44.67,33.58,129.09,17.23,273.47,204.96,43.09,44.83,43.26,497.0,206.0,246.0,949.0,50.0,57.0,2.0,28.0,5.0,286.0,277.0,447.0,653.0,92.0,191.0,575.0,360.0,138.0,179.0,518.0,145.0,40.0,14.84,18.27,11.56,19.0,26.0,5.0,960.14,703.0,709.79,115.0,7.0,9.85,9.88,41.79,41.99,41.29
CAR,2023,CAR,CAR,Team Level,4on5,25,0.16,0.24,0.25,7145.0,27.28,2.79,1.36,4.27,0.9,8.97,18.7,2.75,2.79,2.75,28.0,9.0,8.0,45.0,5.0,2.0,1.0,1.0,0.0,7.0,22.0,23.0,32.0,4.0,13.0,59.0,14.0,19.0,7.0,24.0,10.0,3.0,0.79,1.24,0.77,1.0,4.0,0.0,45.0,37.0,37.0,7.0,0.31,0.23,0.23,2.88,2.88,2.85,82.35,14.34,7.12,18.16,2.78,44.69,23.9,13.66,14.34,13.66,80.0,31.0,34.0,145.0,18.0,13.0,4.0,7.0,0.0,41.0,32.0,62.0,93.0,6.0,17.0,74.0,5.0,11.0,15.0,62.0,29.0,20.0,1.83,3.58,8.93,3.0,4.0,11.0,145.0,111.0,111.0,1.0,1.93,4.79,4.76,11.52,11.52,11.32
CAR,2023,CAR,CAR,Team Level,5on4,25,0.88,0.89,0.86,8063.0,129.24,18.93,10.76,29.09,4.39,75.4,38.43,16.25,18.93,16.25,119.0,58.0,86.0,263.0,16.0,13.0,1.0,6.0,2.0,96.0,44.0,103.0,161.0,6.0,12.0,78.0,8.0,11.0,21.0,123.0,30.0,24.0,3.06,3.67,12.2,1.0,5.0,10.0,263.0,177.0,177.0,1.0,2.87,4.3,4.3,17.5,17.5,16.99,22.78,2.54,1.3,3.49,0.72,7.27,14.68,2.53,2.54,2.53,25.0,5.0,3.0,33.0,6.0,1.0,1.0,0.0,0.0,5.0,18.0,19.0,24.0,3.0,14.0,78.0,11.0,17.0,8.0,17.0,10.0,3.0,0.36,1.42,0.76,0.0,5.0,1.0,33.0,30.0,30.0,7.0,0.29,0.26,0.26,2.57,2.57,2.57
NYR,2023,NYR,NYR,Team Level,other,24,0.53,0.42,0.44,3393.0,42.04,11.55,3.19,6.9,1.71,25.25,12.4,10.57,11.55,10.57,31.0,30.0,21.0,82.0,12.0,5.0,4.0,1.0,1.0,26.0,16.0,19.0,49.0,0.0,0.0,34.0,6.0,8.0,6.0,29.0,16.0,16.0,1.03,2.09,8.43,1.0,3.0,8.0,82.0,61.0,61.0,3.0,0.95,2.05,2.05,10.44,10.44,9.67,56.84,10.17,4.14,11.19,1.93,31.61,17.96,9.53,10.17,9.53,47.0,30.0,34.0,111.0,4.0,8.0,0.0,0.0,0.0,40.0,25.0,43.0,73.0,0.0,0.0,41.0,4.0,7.0,4.0,45.0,16.0,16.0,1.9,1.67,6.6,0.0,0.0,4.0,111.0,77.0,77.0,2.0,1.23,2.45,2.45,8.95,8.95,8.64
NYR,2023,NYR,NYR,Team Level,all,24,0.49,0.48,0.5,87502.0,776.74,78.09,53.26,186.05,26.61,424.7,301.28,74.5,79.11,75.49,726.0,344.0,367.0,1437.0,81.0,82.0,18.0,21.0,6.0,493.0,387.0,645.0,989.0,90.0,193.0,752.0,398.0,148.0,158.0,777.0,212.0,81.0,22.21,26.29,29.59,22.0,29.0,30.0,1460.75,1070.0,1088.03,97.0,11.88,17.41,17.45,72.51,73.49,71.11,789.2,79.93,54.09,190.81,27.06,424.71,306.4,75.99,79.42,75.49,724.0,359.0,449.0,1532.0,65.0,97.0,10.0,34.0,8.0,481.0,398.0,659.0,1018.0,87.0,189.0,591.0,371.0,136.0,167.0,777.0,212.0,94.0,22.34,25.9,31.7,18.0,25.0,22.0,1508.97,1083.0,1069.18,83.0,12.18,20.75,20.79,71.33,70.83,68.82
NYR,2023,NYR,NYR,Team Level,5on5,24,0.49,0.49,0.5,69982.0,596.3,49.39,38.68,150.64,20.14,319.09,238.06,47.75,50.41,48.75,575.0,241.0,299.0,1115.0,49.0,66.0,10.0,16.0,5.0,369.0,311.0,526.0,767.0,84.0,181.0,585.0,369.0,117.0,128.0,613.0,162.0,41.0,17.82,20.23,11.35,19.0,23.0,7.0,1138.75,816.0,834.03,82.0,8.03,11.46,11.8,45.62,46.6,45.75,594.1,50.66,38.56,150.12,20.33,317.68,237.64,48.81,50.15,48.3,549.0,266.0,349.0,1164.0,47.0,71.0,10.0,28.0,7.0,357.0,305.0,502.0,768.0,74.0,163.0,435.0,344.0,114.0,137.0,610.0,153.0,52.0,16.82,19.26,14.59,17.0,20.0,10.0,1140.97,815.0,801.18,76.0,8.0,13.98,14.55,44.1,43.61,42.86
NYR,2023,NYR,NYR,Team Level,4on5,24,0.1,0.11,0.13,7945.0,19.59,2.02,1.05,3.0,0.61,6.31,13.01,2.02,2.02,2.02,19.0,7.0,2.0,28.0,2.0,0.0,0.0,0.0,0.0,6.0,18.0,17.0,24.0,4.0,8.0,66.0,19.0,17.0,12.0,16.0,6.0,4.0,0.35,0.69,0.99,0.0,1.0,1.0,28.0,26.0,26.0,11.0,0.24,0.0,0.0,2.26,2.26,2.25,120.25,17.78,10.55,27.29,4.21,69.79,37.38,16.36,17.78,16.36,107.0,60.0,61.0,228.0,12.0,18.0,0.0,6.0,1.0,79.0,51.0,95.0,155.0,6.0,12.0,74.0,7.0,3.0,21.0,106.0,35.0,26.0,3.27,4.0,10.51,1.0,3.0,8.0,228.0,167.0,167.0,1.0,2.76,4.31,3.79,16.76,16.76,15.82
NYR,2023,NYR,NYR,Team Level,5on4,24,0.92,0.88,0.87,6182.0,118.8,15.12,10.34,25.51,4.16,74.06,37.8,14.15,15.12,14.15,101.0,66.0,45.0,212.0,18.0,11.0,4.0,4.0,0.0,92.0,42.0,83.0,149.0,2.0,4.0,67.0,4.0,6.0,12.0,119.0,28.0,20.0,3.02,3.28,8.82,2.0,2.0,14.0,212.0,167.0,167.0,1.0,2.66,3.89,3.6,14.18,14.18,13.44,18.01,1.32,0.84,2.21,0.59,5.63,13.42,1.3,1.32,1.3,21.0,3.0,5.0,29.0,2.0,0.0,0.0,0.0,0.0,5.0,17.0,19.0,22.0,7.0,14.0,41.0,16.0,12.0,5.0,16.0,8.0,0.0,0.35,0.97,0.0,0.0,2.0,0.0,29.0,24.0,24.0,4.0,0.19,0.0,0.0,1.51,1.51,1.49
NYI,2023,NYI,NYI,Team Level,other,24,0.37,0.43,0.43,3933.0,48.43,7.29,3.18,8.91,1.72,24.87,21.03,6.98,7.29,6.98,45.0,22.0,24.0,91.0,4.0,3.0,1.0,1.0,0.0,27.0,32.0,41.0,63.0,6.0,12.0,47.0,4.0,9.0,11.0,46.0,12.0,9.0,1.81,1.35,4.13,0.0,2.0,2.0,91.0,67.0,67.0,7.0,0.84,0.77,0.77,7.35,7.35,7.09,65.22,12.57,4.6,12.32,2.29,33.15,23.07,11.73,12.57,11.73,63.0,25.0,31.0,119.0,16.0,6.0,2.0,7.0,0.0,28.0,31.0,47.0,72.0,2.0,4.0,47.0,8.0,9.0,12.0,50.0,22.0,16.0,1.97,2.69,7.92,3.0,3.0,10.0,119.0,88.0,88.0,3.0,1.36,1.93,1.29,12.65,12.65,11.93
NYI,2023,NYI,NYI,Team Level,all,24,0.46,0.44,0.45,88215.0,750.05,73.19,49.89,185.33,26.0,395.34,294.25,69.58,73.98,70.36,710.0,314.0,387.0,1411.0,68.0,86.0,13.0,33.0,2.0,445.0,390.0,642.0,956.0,85.0,181.0,742.0,456.0,168.0,209.0,760.0,177.0,87.0,20.82,22.63,29.74,25.0,20.0,23.0,1431.63,1024.0,1039.3,99.0,11.06,19.5,19.5,64.75,65.36,63.79,906.21,86.09,60.75,222.47,31.08,486.85,357.76,82.41,85.3,81.65,866.0,379.0,521.0,1766.0,77.0,98.0,8.0,49.0,3.0,563.0,455.0,789.0,1168.0,76.0,161.0,689.0,376.0,151.0,200.0,943.0,204.0,98.0,25.57,25.85,34.67,23.0,30.0,24.0,1737.62,1245.0,1225.93,83.0,13.57,18.97,19.37,80.29,79.54,77.5
NYI,2023,NYI,NYI,Team Level,5on5,24,0.49,0.45,0.46,72429.0,601.67,52.74,39.13,156.01,21.27,316.91,236.94,49.79,53.53,50.57,565.0,258.0,318.0,1141.0,42.0,76.0,7.0,28.0,2.0,364.0,311.0,523.0,781.0,71.0,153.0,566.0,436.0,137.0,170.0,615.0,146.0,62.0,16.52,19.07,17.15,20.0,13.0,9.0,1161.63,823.0,838.3,81.0,8.19,14.46,14.74,46.19,46.8,45.75,705.7,55.88,45.0,182.13,24.33,379.96,285.69,53.79,55.09,53.03,670.0,303.0,439.0,1412.0,44.0,80.0,5.0,37.0,3.0,450.0,359.0,626.0,929.0,68.0,145.0,536.0,351.0,124.0,175.0,771.0,145.0,57.0,20.59,18.59,16.71,18.0,20.0,6.0,1383.62,973.0,953.94,76.0,9.31,15.08,15.48,49.7,48.95,48.13
NYI,2023,NYI,NYI,Team Level,4on5,24,0.09,0.09,0.11,6318.0,14.98,1.75,0.73,1.95,0.41,4.29,9.87,1.71,1.75,1.71,17.0,2.0,1.0,20.0,5.0,0.0,0.0,0.0,0.0,1.0,13.0,12.0,14.0,0.0,0.0,61.0,11.0,16.0,10.0,12.0,5.0,2.0,0.37,0.7,0.68,1.0,3.0,1.0,20.0,19.0,19.0,8.0,0.17,0.0,0.0,1.91,1.91,1.88,117.44,16.71,10.48,25.09,3.9,68.03,35.79,15.96,16.71,15.96,112.0,48.0,50.0,210.0,17.0,12.0,1.0,5.0,0.0,76.0,50.0,95.0,143.0,4.0,8.0,55.0,3.0,6.0,10.0,100.0,36.0,24.0,2.42,4.46,9.83,2.0,7.0,8.0,210.0,160.0,160.0,2.0,2.74,1.96,2.6,16.86,16.86,16.37
NYI,2023,NYI,NYI,Team Level,5on4,24,0.93,0.86,0.83,5535.0,84.97,11.42,6.85,18.47,2.6,49.26,26.4,11.1,11.42,11.1,83.0,32.0,44.0,159.0,17.0,7.0,5.0,4.0,0.0,53.0,34.0,66.0,98.0,8.0,16.0,68.0,5.0,6.0,18.0,87.0,14.0,14.0,2.12,1.51,7.79,4.0,2.0,11.0,159.0,115.0,115.0,3.0,1.86,4.27,3.99,9.29,9.29,9.07,17.84,0.93,0.66,2.93,0.57,5.71,13.21,0.92,0.93,0.92,21.0,3.0,1.0,25.0,0.0,0.0,0.0,0.0,0.0,9.0,15.0,21.0,24.0,2.0,4.0,51.0,14.0,12.0,3.0,22.0,1.0,1.0,0.61,0.12,0.2,0.0,0.0,0.0,25.0,24.0,24.0,2.0,0.16,0.0,0.0,1.08,1.08,1.08
MTL,2023,MTL,MTL,Team Level,other,25,0.39,0.43,0.44,3244.0,50.68,7.23,3.73,9.92,1.71,25.4,19.02,6.9,7.23,6.9,50.0,17.0,16.0,83.0,9.0,7.0,1.0,1.0,0.0,20.0,30.0,41.0,58.0,2.0,2.0,48.0,10.0,9.0,8.0,35.0,23.0,9.0,1.46,2.82,2.94,2.0,2.0,5.0,83.0,67.0,67.0,4.0,1.03,1.71,1.71,6.54,6.54,6.36,64.65,11.17,4.76,11.72,2.07,33.88,22.4,10.67,11.17,10.67,66.0,20.0,23.0,109.0,16.0,5.0,2.0,4.0,1.0,38.0,22.0,50.0,70.0,2.0,4.0,32.0,5.0,15.0,8.0,56.0,17.0,13.0,2.02,2.17,6.99,2.0,6.0,8.0,109.0,86.0,86.0,5.0,1.39,2.1,2.1,10.47,10.47,10.37
MTL,2023,MTL,MTL,Team Level,all,25,0.44,0.46,0.46,91947.0,734.85,69.46,52.17,174.26,25.23,399.08,295.8,66.66,68.93,66.14,712.0,304.0,405.0,1421.0,70.0,73.0,10.0,40.0,5.0,430.0,398.0,642.0,946.0,116.0,251.0,724.0,460.0,128.0,262.0,739.0,199.0,78.0,21.59,25.12,22.74,27.0,19.0,24.0,1398.18,1016.0,1004.21,187.0,11.68,14.55,14.55,66.58,66.05,64.75,866.44,88.9,61.39,206.35,29.33,467.72,336.31,85.1,90.01,86.17,847.0,343.0,467.0,1657.0,87.0,88.0,11.0,41.0,11.0,548.0,415.0,760.0,1103.0,109.0,239.0,639.0,430.0,176.0,246.0,890.0,194.0,106.0,25.2,24.37,39.33,32.0,25.0,30.0,1691.34,1190.0,1210.08,185.0,13.93,19.37,19.51,83.32,84.41,82.56
MTL,2023,MTL,MTL,Team Level,5on5,25,0.46,0.47,0.46,71815.0,541.65,46.44,35.76,135.09,18.66,292.74,223.3,44.81,45.92,44.3,519.0,233.0,327.0,1079.0,44.0,52.0,8.0,31.0,3.0,330.0,292.0,475.0,708.0,101.0,223.0,527.0,431.0,100.0,220.0,567.0,140.0,45.0,16.36,17.79,12.29,20.0,15.0,9.0,1056.18,752.0,740.21,163.0,7.46,10.27,10.27,43.63,43.11,42.4,626.68,54.58,41.51,159.53,21.75,338.9,249.74,52.63,55.68,53.71,601.0,265.0,357.0,1223.0,43.0,64.0,6.0,28.0,10.0,410.0,311.0,558.0,823.0,95.0,211.0,470.0,391.0,135.0,198.0,655.0,150.0,61.0,18.95,18.95,16.68,25.0,14.0,4.0,1257.34,866.0,886.08,152.0,8.63,12.94,13.4,49.8,50.88,50.0
MTL,2023,MTL,MTL,Team Level,4on5,25,0.11,0.11,0.13,8481.0,22.21,2.52,1.2,3.18,0.72,7.14,15.24,2.52,2.52,2.52,27.0,3.0,5.0,35.0,3.0,0.0,0.0,0.0,1.0,2.0,24.0,24.0,27.0,4.0,8.0,73.0,13.0,12.0,21.0,21.0,4.0,5.0,0.59,0.55,1.39,1.0,0.0,2.0,35.0,30.0,30.0,20.0,0.28,0.0,0.0,2.8,2.8,2.79,146.13,20.46,13.7,30.44,4.59,85.59,44.23,19.25,20.46,19.25,147.0,52.0,86.0,285.0,23.0,17.0,2.0,8.0,0.0,92.0,59.0,124.0,176.0,4.0,8.0,75.0,5.0,3.0,12.0,147.0,24.0,28.0,3.34,2.89,14.23,3.0,4.0,16.0,285.0,199.0,199.0,1.0,3.59,3.7,3.49,20.55,20.55,19.7
MTL,2023,MTL,MTL,Team Level,5on4,25,0.83,0.85,0.81,8407.0,120.3,13.27,11.48,26.06,4.14,73.8,38.25,12.43,13.27,12.43,116.0,51.0,57.0,224.0,14.0,14.0,1.0,8.0,1.0,78.0,52.0,102.0,153.0,9.0,18.0,76.0,6.0,7.0,13.0,116.0,32.0,19.0,3.19,3.96,6.12,4.0,2.0,8.0,224.0,167.0,167.0,0.0,2.92,2.58,2.58,13.61,13.61,13.2,28.98,2.7,1.43,4.66,0.92,9.35,19.94,2.55,2.7,2.55,33.0,6.0,1.0,40.0,5.0,2.0,1.0,1.0,0.0,8.0,23.0,28.0,34.0,8.0,16.0,62.0,29.0,23.0,28.0,32.0,3.0,4.0,0.9,0.36,1.44,2.0,1.0,2.0,40.0,39.0,39.0,27.0,0.33,0.64,0.52,2.51,2.51,2.5
COL,2023,COL,COL,Team Level,other,25,0.6,0.44,0.43,3364.0,42.4,15.04,2.44,6.56,1.31,19.86,15.79,14.27,15.04,14.27,38.0,23.0,21.0,82.0,10.0,1.0,0.0,4.0,0.0,25.0,21.0,28.0,51.0,5.0,13.0,47.0,3.0,7.0,10.0,25.0,14.0,22.0,1.02,1.68,12.34,1.0,0.0,9.0,82.0,61.0,61.0,5.0,0.78,0.14,0.14,15.67,15.67,14.83,59.32,10.11,5.27,12.17,2.34,32.67,17.45,9.1,10.11,9.1,62.0,18.0,24.0,104.0,8.0,12.0,2.0,1.0,0.0,40.0,19.0,54.0,72.0,6.0,12.0,59.0,6.0,6.0,7.0,42.0,21.0,17.0,1.4,2.66,6.05,3.0,1.0,4.0,104.0,80.0,80.0,1.0,1.53,2.77,2.77,8.87,8.87,8.29
COL,2023,COL,COL,Team Level,all,25,0.54,0.53,0.52,90879.0,836.04,95.18,58.45,195.83,27.84,449.91,324.79,88.12,95.96,88.87,797.0,355.0,448.0,1600.0,89.0,80.0,11.0,50.0,4.0,530.0,399.0,708.0,1063.0,102.0,226.0,699.0,389.0,183.0,197.0,805.0,235.0,112.0,22.87,28.27,44.06,27.0,30.0,32.0,1620.77,1152.0,1166.3,82.0,13.17,20.01,20.01,88.34,89.11,85.63,775.72,82.16,54.71,178.77,25.38,406.14,295.84,75.08,81.94,74.79,732.0,311.0,382.0,1425.0,72.0,78.0,7.0,34.0,6.0,473.0,380.0,660.0,971.0,114.0,250.0,771.0,384.0,168.0,149.0,739.0,195.0,109.0,20.92,24.15,37.09,22.0,27.0,23.0,1413.67,1043.0,1035.48,67.0,12.45,20.89,20.89,73.72,73.5,70.81
COL,2023,COL,COL,Team Level,5on5,25,0.53,0.53,0.53,70125.0,622.42,56.41,41.51,155.71,21.11,334.12,247.15,54.29,57.2,55.05,593.0,263.0,357.0,1213.0,55.0,65.0,8.0,34.0,2.0,402.0,298.0,538.0,801.0,88.0,192.0,510.0,358.0,143.0,148.0,625.0,172.0,59.0,18.3,20.58,17.54,22.0,24.0,9.0,1233.77,856.0,870.3,66.0,8.64,14.49,14.49,50.56,51.33,50.46,565.55,49.24,36.72,137.88,17.98,298.77,223.41,46.85,49.03,46.56,524.0,240.0,293.0,1057.0,47.0,50.0,5.0,24.0,3.0,340.0,300.0,477.0,717.0,92.0,206.0,544.0,358.0,137.0,123.0,582.0,123.0,59.0,16.35,15.25,17.64,18.0,19.0,10.0,1045.67,764.0,756.48,63.0,7.64,12.97,13.23,43.66,43.43,42.63
COL,2023,COL,COL,Team Level,4on5,25,0.13,0.15,0.17,8548.0,23.39,2.71,1.32,3.13,0.66,7.14,16.04,2.71,2.71,2.71,24.0,7.0,7.0,38.0,5.0,0.0,0.0,1.0,0.0,5.0,20.0,19.0,26.0,5.0,13.0,53.0,20.0,29.0,11.0,19.0,9.0,3.0,0.65,1.09,0.97,0.0,3.0,2.0,38.0,31.0,31.0,9.0,0.3,0.0,0.0,3.01,3.01,3.01,114.01,17.72,10.53,23.7,3.58,64.1,33.38,14.45,17.72,14.45,108.0,45.0,63.0,216.0,12.0,10.0,0.0,8.0,2.0,84.0,37.0,96.0,141.0,12.0,24.0,92.0,3.0,2.0,15.0,91.0,39.0,23.0,2.6,4.72,10.4,1.0,5.0,6.0,216.0,153.0,153.0,2.0,2.78,3.88,3.63,16.87,16.87,15.69
COL,2023,COL,COL,Team Level,5on4,25,0.81,0.85,0.82,8842.0,147.83,21.03,13.18,30.43,4.76,88.79,45.81,16.85,21.03,16.85,142.0,62.0,63.0,267.0,19.0,14.0,3.0,11.0,2.0,98.0,60.0,123.0,185.0,4.0,8.0,89.0,8.0,4.0,28.0,136.0,40.0,28.0,2.9,4.92,13.21,4.0,3.0,12.0,267.0,204.0,204.0,2.0,3.44,5.37,5.37,19.1,19.1,17.32,36.85,5.09,2.19,5.02,1.48,10.6,21.61,4.67,5.09,4.67,38.0,8.0,2.0,48.0,5.0,6.0,0.0,1.0,1.0,9.0,24.0,33.0,41.0,4.0,8.0,76.0,17.0,23.0,4.0,24.0,12.0,10.0,0.57,1.52,3.0,0.0,2.0,3.0,48.0,46.0,46.0,1.0,0.5,1.26,1.26,4.33,4.33,4.22
CGY,2023,CGY,CGY,Team Level,other,25,0.52,0.57,0.57,3683.0,60.6,10.85,4.76,11.77,2.2,34.08,21.35,10.05,10.85,10.05,59.0,26.0,28.0,113.0,12.0,7.0,4.0,2.0,3.0,41.0,20.0,47.0,73.0,2.0,4.0,45.0,9.0,8.0,10.0,52.0,18.0,15.0,1.78,1.92,7.15,2.0,1.0,9.0,113.0,85.0,85.0,4.0,1.41,2.25,2.25,10.0,10.0,9.77,46.46,9.85,3.29,8.89,1.62,24.91,16.44,9.73,9.85,9.73,32.0,33.0,21.0,86.0,8.0,3.0,1.0,2.0,1.0,23.0,28.0,24.0,57.0,2.0,4.0,51.0,8.0,6.0,9.0,32.0,18.0,15.0,1.05,2.14,6.67,0.0,1.0,7.0,86.0,65.0,65.0,6.0,0.95,0.91,0.91,9.89,9.89,9.81
CGY,2023,CGY,CGY,Team Level,all,25,0.48,0.53,0.52,91464.0,847.2,74.39,57.86,209.56,28.87,466.92,337.4,71.44,73.86,70.94,793.0,382.0,451.0,1626.0,73.0,81.0,11.0,54.0,10.0,511.0,446.0,720.0,1102.0,94.0,205.0,753.0,403.0,162.0,232.0,926.0,160.0,89.0,25.15,19.59,29.65,28.0,18.0,27.0,1593.93,1175.0,1156.06,115.0,12.98,14.61,14.64,72.73,72.33,70.76,786.09,79.58,54.6,184.52,26.52,416.96,306.81,76.56,80.53,77.47,719.0,350.0,384.0,1453.0,84.0,77.0,9.0,51.0,6.0,458.0,393.0,635.0,985.0,94.0,201.0,737.0,378.0,218.0,199.0,758.0,224.0,87.0,22.18,27.59,29.81,34.0,26.0,24.0,1482.01,1069.0,1087.74,109.0,12.24,16.44,16.47,75.34,76.06,74.35
CGY,2023,CGY,CGY,Team Level,5on5,25,0.5,0.53,0.53,73348.0,652.32,50.18,41.56,169.86,22.37,356.47,264.55,48.67,49.64,48.16,618.0,287.0,359.0,1264.0,50.0,64.0,6.0,46.0,7.0,378.0,360.0,568.0,855.0,78.0,173.0,565.0,374.0,139.0,185.0,730.0,119.0,56.0,19.93,15.01,15.23,23.0,15.0,12.0,1231.93,905.0,886.06,95.0,8.6,10.49,10.52,48.26,47.86,47.08,587.84,50.3,38.25,144.69,19.91,311.52,237.32,48.43,51.26,49.35,542.0,260.0,318.0,1120.0,59.0,52.0,6.0,40.0,4.0,338.0,309.0,483.0,743.0,82.0,177.0,548.0,344.0,177.0,170.0,593.0,162.0,47.0,16.88,20.03,13.4,31.0,21.0,7.0,1149.01,802.0,820.74,95.0,7.95,10.87,10.91,47.35,48.07,46.99
CGY,2023,CGY,CGY,Team Level,4on5,25,0.09,0.14,0.15,6854.0,23.16,1.63,1.0,3.67,0.73,7.47,16.51,1.62,1.63,1.62,20.0,11.0,2.0,33.0,3.0,1.0,0.0,0.0,0.0,3.0,24.0,17.0,28.0,4.0,8.0,63.0,13.0,11.0,14.0,25.0,5.0,1.0,0.66,0.64,0.34,2.0,0.0,1.0,33.0,31.0,31.0,13.0,0.24,0.01,0.01,1.85,1.85,1.85,127.28,16.43,11.87,27.42,4.27,73.64,37.36,15.42,16.43,15.42,121.0,50.0,40.0,211.0,13.0,20.0,2.0,7.0,1.0,89.0,41.0,108.0,158.0,5.0,10.0,71.0,2.0,8.0,13.0,113.0,40.0,18.0,3.73,4.92,7.78,2.0,3.0,8.0,211.0,171.0,171.0,1.0,3.06,4.34,4.34,15.15,15.15,14.61
CGY,2023,CGY,CGY,Team Level,5on4,25,0.8,0.86,0.83,7579.0,111.12,11.74,10.54,24.26,3.57,68.9,34.99,11.11,11.74,11.11,96.0,58.0,62.0,216.0,8.0,9.0,1.0,6.0,0.0,89.0,42.0,88.0,146.0,10.0,20.0,80.0,7.0,4.0,23.0,119.0,18.0,17.0,2.79,2.03,6.93,1.0,2.0,5.0,216.0,154.0,154.0,3.0,2.73,1.86,1.86,12.61,12.61,12.06,24.52,2.99,1.19,3.52,0.71,6.89,15.68,2.98,2.99,2.98,24.0,7.0,5.0,36.0,4.0,2.0,0.0,2.0,0.0,8.0,15.0,20.0,27.0,5.0,10.0,67.0,24.0,27.0,7.0,20.0,4.0,7.0,0.52,0.5,1.97,1.0,1.0,2.0,36.0,31.0,31.0,7.0,0.28,0.32,0.32,2.94,2.94,2.94
MIN,2023,MIN,MIN,Team Level,other,23,0.47,0.56,0.55,3246.0,49.54,8.59,3.56,9.3,1.62,26.06,16.86,8.05,8.59,8.05,45.0,21.0,18.0,84.0,5.0,5.0,1.0,5.0,0.0,29.0,22.0,40.0,61.0,3.0,6.0,37.0,4.0,9.0,6.0,37.0,16.0,13.0,1.4,1.93,5.26,1.0,0.0,4.0,84.0,66.0,66.0,3.0,1.07,2.58,2.58,7.08,7.08,6.92,39.41,9.54,2.75,6.99,1.32,19.83,13.58,8.96,9.54,8.96,40.0,14.0,12.0,66.0,9.0,4.0,1.0,3.0,2.0,16.0,20.0,31.0,45.0,2.0,4.0,41.0,6.0,4.0,3.0,30.0,10.0,14.0,1.24,1.31,7.0,2.0,1.0,6.0,66.0,54.0,54.0,1.0,0.85,1.19,1.19,9.2,9.2,8.73
MIN,2023,MIN,MIN,Team Level,all,23,0.52,0.51,0.52,84076.0,757.19,74.63,53.86,172.77,24.74,415.09,299.9,70.29,74.63,70.28,716.0,325.0,403.0,1444.0,74.0,66.0,5.0,50.0,6.0,480.0,365.0,642.0,967.0,104.0,243.0,591.0,360.0,125.0,171.0,765.0,192.0,84.0,21.43,23.58,29.62,24.0,26.0,24.0,1444.64,1041.0,1039.09,72.0,12.24,14.74,14.74,72.13,72.09,69.78,707.18,69.72,49.28,166.58,23.68,389.41,277.32,66.93,70.26,67.45,699.0,277.0,409.0,1385.0,80.0,60.0,7.0,46.0,11.0,410.0,369.0,619.0,896.0,102.0,236.0,709.0,317.0,119.0,166.0,743.0,164.0,69.0,22.13,20.46,27.13,34.0,21.0,25.0,1397.44,976.0,986.64,90.0,11.08,13.92,13.92,66.88,67.31,65.63
MIN,2023,MIN,MIN,Team Level,5on5,23,0.52,0.51,0.51,65435.0,538.68,44.14,35.46,127.95,17.36,294.33,223.76,42.96,44.13,42.95,505.0,238.0,306.0,1049.0,53.0,37.0,4.0,27.0,4.0,346.0,276.0,452.0,690.0,88.0,211.0,426.0,342.0,101.0,138.0,559.0,148.0,36.0,16.11,18.33,9.7,20.0,23.0,10.0,1049.64,743.0,741.09,61.0,7.31,7.47,7.47,43.98,43.94,43.27,511.86,41.24,33.9,127.38,17.13,280.84,206.51,39.97,41.78,40.49,503.0,204.0,320.0,1027.0,46.0,38.0,1.0,40.0,7.0,305.0,271.0,457.0,661.0,84.0,198.0,526.0,287.0,90.0,141.0,555.0,116.0,36.0,16.59,14.44,10.21,26.0,13.0,7.0,1039.44,707.0,717.64,80.0,7.02,8.02,8.02,40.24,40.67,39.98
MIN,2023,MIN,MIN,Team Level,4on5,23,0.1,0.1,0.11,7298.0,18.14,1.91,1.01,2.48,0.57,5.52,12.51,1.89,1.91,1.89,22.0,2.0,4.0,28.0,2.0,0.0,0.0,1.0,0.0,11.0,10.0,20.0,22.0,3.0,6.0,45.0,9.0,13.0,9.0,17.0,3.0,4.0,0.35,0.35,1.2,1.0,1.0,0.0,28.0,24.0,24.0,8.0,0.24,0.0,0.0,2.14,2.14,2.11,136.07,17.27,11.75,29.25,4.64,82.68,43.41,16.34,17.27,16.34,136.0,53.0,67.0,256.0,22.0,18.0,5.0,3.0,2.0,86.0,58.0,114.0,167.0,9.0,20.0,76.0,7.0,7.0,15.0,139.0,32.0,18.0,3.76,3.84,9.67,4.0,6.0,12.0,256.0,189.0,189.0,2.0,3.01,4.71,4.71,15.58,15.58,15.07
MIN,2023,MIN,MIN,Team Level,5on4,23,0.92,0.89,0.89,8097.0,150.83,20.0,13.83,33.04,5.18,89.19,46.76,17.38,20.0,17.38,144.0,64.0,75.0,283.0,14.0,24.0,0.0,17.0,2.0,94.0,57.0,130.0,194.0,10.0,20.0,83.0,5.0,2.0,18.0,152.0,25.0,31.0,3.57,2.97,13.46,2.0,2.0,10.0,283.0,208.0,208.0,0.0,3.62,4.69,4.69,18.93,18.93,17.49,19.84,1.66,0.89,2.97,0.59,6.07,13.82,1.66,1.66,1.66,20.0,6.0,10.0,36.0,3.0,0.0,0.0,0.0,0.0,3.0,20.0,17.0,23.0,7.0,14.0,66.0,17.0,18.0,7.0,19.0,6.0,1.0,0.53,0.88,0.26,2.0,1.0,0.0,36.0,26.0,26.0,7.0,0.2,0.0,0.0,1.86,1.86,1.86
TOR,2023,TOR,TOR,Team Level,other,22,0.53,0.5,0.52,2094.0,55.76,8.66,4.31,10.72,1.85,28.11,20.35,7.79,8.66,7.79,48.0,26.0,21.0,95.0,10.0,3.0,0.0,2.0,1.0,30.0,28.0,38.0,64.0,2.0,4.0,51.0,4.0,7.0,12.0,36.0,25.0,13.0,1.41,3.16,4.08,3.0,4.0,3.0,95.0,74.0,74.0,1.0,1.17,1.08,1.08,8.75,8.75,7.98,51.7,7.59,3.64,10.19,1.77,25.02,20.8,7.14,7.59,7.14,58.0,11.0,26.0,95.0,6.0,3.0,0.0,4.0,0.0,35.0,21.0,52.0,63.0,2.0,4.0,38.0,13.0,12.0,14.0,40.0,21.0,8.0,1.61,2.42,3.56,2.0,1.0,3.0,95.0,69.0,69.0,5.0,1.03,0.96,0.96,7.66,7.66,7.27
TOR,2023,TOR,TOR,Team Level,all,22,0.5,0.49,0.5,81875.0,743.93,75.48,51.99,175.93,24.98,394.52,284.11,71.71,75.19,71.44,707.0,300.0,389.0,1396.0,72.0,70.0,5.0,51.0,10.0,426.0,378.0,635.0,935.0,80.0,174.0,673.0,475.0,166.0,228.0,714.0,207.0,86.0,20.97,26.11,28.39,23.0,26.0,23.0,1391.23,1007.0,1001.25,115.0,11.7,15.75,15.75,71.42,71.17,68.86,748.66,74.47,51.36,181.47,25.38,397.98,291.34,71.27,74.93,71.71,718.0,304.0,407.0,1429.0,73.0,82.0,10.0,73.0,5.0,427.0,362.0,645.0,949.0,76.0,174.0,587.0,534.0,170.0,195.0,743.0,195.0,84.0,21.22,23.58,29.67,28.0,22.0,23.0,1440.33,1022.0,1029.32,105.0,11.51,17.35,17.47,68.51,68.96,67.44
TOR,2023,TOR,TOR,Team Level,5on5,22,0.5,0.49,0.49,66933.0,558.55,49.4,36.52,138.74,18.81,298.08,216.45,47.02,49.11,46.76,529.0,229.0,311.0,1069.0,46.0,54.0,3.0,43.0,9.0,323.0,283.0,483.0,712.0,69.0,152.0,509.0,443.0,135.0,188.0,563.0,142.0,53.0,16.12,18.14,15.14,17.0,17.0,12.0,1064.23,758.0,752.25,101.0,7.63,11.47,11.47,45.56,45.3,44.2,571.65,49.67,37.89,145.78,19.52,304.29,225.84,47.49,50.13,47.94,536.0,247.0,317.0,1100.0,51.0,68.0,9.0,53.0,3.0,320.0,288.0,485.0,732.0,67.0,156.0,442.0,486.0,131.0,157.0,583.0,148.0,52.0,16.52,18.11,15.04,24.0,17.0,10.0,1111.33,783.0,790.32,93.0,7.87,13.23,13.46,44.08,44.53,43.78
TOR,2023,TOR,TOR,Team Level,4on5,22,0.12,0.15,0.17,6900.0,23.23,2.18,1.26,3.8,0.82,8.08,15.87,2.06,2.18,2.06,27.0,5.0,6.0,38.0,1.0,1.0,0.0,0.0,0.0,7.0,23.0,26.0,31.0,4.0,8.0,53.0,22.0,16.0,13.0,24.0,6.0,2.0,0.65,0.86,0.67,1.0,0.0,0.0,38.0,32.0,32.0,12.0,0.29,0.02,0.02,2.45,2.45,2.32,110.85,16.04,9.08,23.45,3.64,64.11,34.68,15.47,16.04,15.47,108.0,43.0,58.0,209.0,15.0,11.0,1.0,14.0,2.0,69.0,40.0,93.0,136.0,5.0,10.0,63.0,14.0,9.0,16.0,105.0,23.0,23.0,2.65,2.64,10.75,2.0,3.0,10.0,209.0,151.0,151.0,2.0,2.43,3.16,3.05,15.43,15.43,15.04
TOR,2023,TOR,TOR,Team Level,5on4,22,0.93,0.89,0.88,5948.0,106.38,15.25,9.89,22.66,3.5,60.25,31.44,14.83,15.25,14.83,103.0,40.0,51.0,194.0,15.0,12.0,2.0,6.0,0.0,66.0,44.0,88.0,128.0,5.0,10.0,60.0,6.0,8.0,15.0,91.0,34.0,18.0,2.79,3.95,8.51,2.0,5.0,8.0,194.0,143.0,143.0,1.0,2.6,3.18,3.18,14.67,14.67,14.36,14.46,1.17,0.75,2.04,0.46,4.56,10.01,1.17,1.17,1.17,16.0,3.0,6.0,25.0,1.0,0.0,0.0,2.0,0.0,3.0,13.0,15.0,18.0,2.0,4.0,44.0,21.0,18.0,8.0,15.0,3.0,1.0,0.44,0.41,0.32,0.0,1.0,0.0,25.0,19.0,19.0,5.0,0.17,0.0,0.0,1.34,1.34,1.34
PIT,2023,PIT,PIT,Team Level,other,25,0.59,0.6,0.58,2719.0,47.86,11.33,3.21,8.92,1.66,25.62,16.27,10.65,11.33,10.65,39.0,28.0,26.0,93.0,9.0,2.0,1.0,2.0,0.0,30.0,24.0,30.0,58.0,1.0,2.0,41.0,4.0,5.0,6.0,34.0,19.0,14.0,1.48,2.35,7.5,1.0,1.0,7.0,93.0,67.0,67.0,2.0,0.95,0.66,0.66,11.62,11.62,10.95,34.83,7.81,2.14,6.38,1.1,17.94,12.63,7.73,7.81,7.73,31.0,17.0,13.0,61.0,8.0,1.0,0.0,3.0,1.0,14.0,21.0,23.0,40.0,5.0,10.0,29.0,7.0,9.0,4.0,28.0,8.0,12.0,1.22,0.92,5.67,1.0,3.0,4.0,61.0,48.0,48.0,3.0,0.59,0.01,0.01,8.39,8.39,8.29
PIT,2023,PIT,PIT,Team Level,all,25,0.53,0.52,0.51,90774.0,872.63,87.42,59.87,211.34,30.28,466.76,341.32,83.62,87.99,84.19,827.0,370.0,464.0,1661.0,74.0,84.0,8.0,41.0,6.0,530.0,462.0,753.0,1123.0,85.0,179.0,795.0,368.0,178.0,192.0,860.0,245.0,92.0,25.41,30.35,31.66,29.0,31.0,14.0,1673.36,1197.0,1205.16,80.0,13.31,15.72,15.72,85.01,85.67,83.02,849.29,77.77,57.23,205.18,28.71,456.81,336.29,74.59,77.83,74.66,785.0,377.0,364.0,1526.0,65.0,88.0,10.0,36.0,6.0,490.0,477.0,720.0,1097.0,75.0,159.0,661.0,429.0,169.0,156.0,892.0,182.0,88.0,26.89,22.39,28.48,22.0,19.0,24.0,1519.06,1162.0,1158.5,86.0,12.58,16.98,17.03,73.3,73.45,71.84
PIT,2023,PIT,PIT,Team Level,5on5,25,0.53,0.53,0.51,73891.0,706.47,61.28,46.33,178.31,24.35,376.18,281.55,59.11,61.86,59.68,674.0,294.0,370.0,1338.0,59.0,65.0,7.0,33.0,5.0,421.0,385.0,615.0,909.0,74.0,159.0,612.0,328.0,155.0,155.0,722.0,185.0,61.0,21.01,23.02,17.25,26.0,29.0,4.0,1350.36,968.0,976.15,66.0,9.66,13.04,13.04,57.91,58.57,57.35,672.35,54.57,43.46,168.95,22.87,361.11,270.05,52.22,54.63,52.3,629.0,292.0,287.0,1208.0,42.0,76.0,8.0,27.0,5.0,392.0,379.0,587.0,879.0,59.0,127.0,525.0,400.0,139.0,135.0,726.0,139.0,56.0,21.42,17.26,15.88,19.0,11.0,12.0,1201.06,921.0,917.5,80.0,9.01,14.95,15.0,48.56,48.71,47.69
PIT,2023,PIT,PIT,Team Level,4on5,25,0.1,0.09,0.12,7597.0,16.43,1.45,0.75,2.26,0.51,4.82,11.2,1.42,1.45,1.42,15.0,6.0,2.0,23.0,1.0,2.0,0.0,0.0,0.0,5.0,13.0,14.0,20.0,2.0,4.0,69.0,26.0,12.0,9.0,13.0,7.0,1.0,0.29,0.93,0.23,0.0,1.0,0.0,23.0,21.0,21.0,9.0,0.17,0.33,0.33,1.3,1.3,1.29,116.72,12.62,10.21,26.13,3.97,69.21,36.86,11.87,12.62,11.87,99.0,60.0,62.0,221.0,11.0,11.0,2.0,6.0,0.0,74.0,57.0,88.0,148.0,5.0,10.0,61.0,5.0,4.0,15.0,114.0,30.0,15.0,3.45,3.6,5.57,1.0,5.0,5.0,221.0,159.0,159.0,1.0,2.66,2.02,2.02,13.26,13.26,12.79
PIT,2023,PIT,PIT,Team Level,5on4,25,0.83,0.85,0.81,6567.0,101.87,13.37,9.58,21.84,3.76,60.14,32.31,12.44,13.37,12.44,99.0,42.0,66.0,207.0,5.0,15.0,0.0,6.0,1.0,74.0,40.0,94.0,136.0,8.0,14.0,73.0,10.0,6.0,22.0,91.0,34.0,16.0,2.64,4.05,6.67,2.0,0.0,3.0,207.0,141.0,141.0,3.0,2.53,1.69,1.69,14.2,14.2,13.43,25.39,2.77,1.42,3.73,0.78,8.55,16.75,2.76,2.77,2.76,26.0,8.0,2.0,36.0,4.0,0.0,0.0,0.0,0.0,10.0,20.0,22.0,30.0,6.0,12.0,46.0,17.0,17.0,2.0,24.0,5.0,5.0,0.78,0.61,1.37,1.0,0.0,3.0,36.0,34.0,34.0,2.0,0.32,0.0,0.0,3.09,3.09,3.08
FLA,2023,FLA,FLA,Team Level,other,25,0.59,0.55,0.55,5116.0,61.61,15.12,4.15,10.98,2.03,32.35,20.38,13.76,15.12,13.76,61.0,24.0,42.0,127.0,15.0,7.0,3.0,5.0,2.0,31.0,25.0,46.0,70.0,5.0,8.0,59.0,11.0,6.0,8.0,47.0,13.0,25.0,2.0,1.72,11.4,1.0,3.0,11.0,127.0,85.0,85.0,5.0,1.16,1.56,1.56,14.72,14.72,13.4,49.43,10.52,3.82,9.91,2.02,27.03,15.69,9.77,10.52,9.77,51.0,18.0,36.0,105.0,10.0,4.0,0.0,2.0,0.0,32.0,21.0,41.0,59.0,0.0,0.0,61.0,12.0,14.0,9.0,37.0,13.0,19.0,1.41,1.55,7.56,2.0,2.0,6.0,105.0,69.0,69.0,3.0,1.12,0.78,0.78,10.86,10.86,10.13
FLA,2023,FLA,FLA,Team Level,all,25,0.56,0.56,0.55,90617.0,880.48,89.69,61.04,212.75,29.67,476.57,336.28,83.96,90.09,84.36,854.0,352.0,542.0,1748.0,77.0,92.0,16.0,65.0,9.0,539.0,424.0,777.0,1129.0,109.0,241.0,750.0,453.0,171.0,205.0,904.0,192.0,110.0,25.04,24.16,40.48,29.0,20.0,28.0,1759.1,1206.0,1213.85,116.0,13.78,19.23,19.23,84.24,84.6,80.06,708.9,70.77,48.22,172.89,24.78,375.71,278.63,68.15,70.81,68.2,691.0,280.0,380.0,1351.0,65.0,77.0,14.0,42.0,3.0,402.0,382.0,626.0,906.0,103.0,233.0,723.0,483.0,127.0,211.0,705.0,177.0,89.0,18.72,21.86,30.19,16.0,23.0,26.0,1344.03,971.0,966.54,127.0,10.85,16.01,16.05,65.57,65.56,63.96
FLA,2023,FLA,FLA,Team Level,5on5,25,0.54,0.56,0.54,70468.0,646.52,51.72,42.29,165.92,21.89,349.61,255.56,49.93,52.13,50.32,630.0,257.0,418.0,1305.0,48.0,68.0,11.0,47.0,6.0,401.0,317.0,582.0,839.0,93.0,211.0,556.0,417.0,144.0,171.0,690.0,148.0,49.0,19.34,18.8,13.59,26.0,15.0,7.0,1316.1,887.0,894.85,98.0,8.74,13.7,13.7,46.77,47.14,46.3,543.79,43.43,34.92,139.96,18.69,289.62,220.37,42.12,43.47,42.17,515.0,232.0,287.0,1034.0,39.0,55.0,11.0,35.0,3.0,315.0,300.0,476.0,708.0,90.0,207.0,534.0,443.0,100.0,167.0,570.0,134.0,43.0,14.47,16.68,12.28,14.0,16.0,9.0,1027.03,747.0,742.54,106.0,7.24,10.85,10.89,39.79,39.77,39.22
FLA,2023,FLA,FLA,Team Level,4on5,25,0.09,0.17,0.18,7692.0,20.35,1.46,1.01,3.27,0.66,6.98,14.63,1.45,1.46,1.45,18.0,10.0,8.0,36.0,0.0,0.0,0.0,0.0,0.0,3.0,25.0,18.0,28.0,2.0,4.0,62.0,21.0,18.0,10.0,23.0,3.0,2.0,0.52,0.43,0.51,0.0,0.0,0.0,36.0,28.0,28.0,9.0,0.23,0.0,0.0,1.68,1.68,1.68,94.01,14.79,8.25,19.98,3.36,52.13,27.49,14.25,14.79,14.25,102.0,24.0,54.0,180.0,14.0,17.0,3.0,4.0,0.0,48.0,43.0,88.0,112.0,12.0,24.0,61.0,11.0,2.0,18.0,77.0,27.0,22.0,2.31,3.2,9.28,0.0,4.0,10.0,180.0,126.0,126.0,2.0,2.21,4.36,4.36,12.64,12.64,12.35
FLA,2023,FLA,FLA,Team Level,5on4,25,0.91,0.9,0.88,7341.0,152.0,21.39,13.59,32.57,5.09,87.63,45.73,18.82,21.39,18.82,145.0,61.0,74.0,280.0,14.0,17.0,2.0,13.0,1.0,104.0,57.0,131.0,192.0,9.0,18.0,73.0,4.0,3.0,16.0,144.0,28.0,34.0,3.19,3.21,14.99,2.0,2.0,10.0,280.0,206.0,206.0,4.0,3.65,3.97,3.97,21.07,21.07,18.67,21.67,2.03,1.23,3.03,0.71,6.94,15.08,2.01,2.03,2.01,23.0,6.0,3.0,32.0,2.0,1.0,0.0,1.0,0.0,7.0,18.0,21.0,27.0,1.0,2.0,67.0,17.0,11.0,17.0,21.0,3.0,5.0,0.52,0.43,1.07,0.0,1.0,1.0,32.0,29.0,29.0,16.0,0.28,0.02,0.02,2.28,2.28,2.27
STL,2023,STL,STL,Team Level,other,25,0.57,0.47,0.5,3272.0,42.16,14.45,2.54,6.62,1.41,21.52,14.46,13.34,14.45,13.34,34.0,27.0,9.0,70.0,7.0,4.0,0.0,1.0,1.0,31.0,17.0,27.0,54.0,1.0,2.0,39.0,6.0,9.0,10.0,29.0,9.0,23.0,1.14,1.13,12.18,0.0,0.0,7.0,70.0,61.0,61.0,6.0,0.76,2.38,2.38,12.83,12.83,11.91,43.66,10.77,3.08,7.15,1.48,24.36,13.16,10.27,10.77,10.27,35.0,25.0,20.0,80.0,7.0,3.0,0.0,1.0,1.0,32.0,16.0,28.0,53.0,0.0,0.0,28.0,4.0,6.0,6.0,30.0,13.0,17.0,1.22,1.64,7.91,1.0,0.0,6.0,80.0,60.0,60.0,4.0,0.94,0.59,0.59,11.12,11.12,10.71
STL,2023,STL,STL,Team Level,all,25,0.46,0.47,0.46,90638.0,755.18,76.79,50.11,175.32,24.4,400.12,301.25,73.48,77.56,74.19,733.0,295.0,365.0,1393.0,72.0,62.0,5.0,43.0,3.0,441.0,407.0,661.0,956.0,74.0,154.0,726.0,433.0,218.0,202.0,754.0,191.0,83.0,21.59,24.12,31.08,19.0,29.0,24.0,1397.95,1028.0,1036.14,109.0,11.2,13.93,13.93,74.05,74.74,72.72,868.53,88.4,59.85,208.5,29.25,472.29,338.72,84.13,88.19,83.97,831.0,366.0,400.0,1597.0,79.0,90.0,6.0,67.0,7.0,535.0,419.0,752.0,1118.0,81.0,172.0,706.0,315.0,217.0,205.0,867.0,226.0,104.0,25.11,27.38,35.9,25.0,31.0,23.0,1601.83,1197.0,1198.54,96.0,13.26,19.28,19.28,82.38,82.48,80.41
STL,2023,STL,STL,Team Level,5on5,25,0.45,0.45,0.45,73406.0,586.04,50.34,37.19,142.24,18.77,308.54,236.92,48.7,51.11,49.41,576.0,218.0,290.0,1084.0,52.0,51.0,5.0,37.0,2.0,325.0,327.0,524.0,742.0,69.0,144.0,550.0,407.0,185.0,168.0,590.0,159.0,45.0,16.95,20.18,13.22,16.0,27.0,9.0,1088.95,794.0,802.14,95.0,7.73,10.64,10.64,47.42,48.11,47.54,706.95,62.02,46.56,176.6,23.92,384.27,284.62,59.14,61.82,58.98,688.0,290.0,342.0,1320.0,56.0,73.0,4.0,58.0,6.0,437.0,348.0,632.0,922.0,74.0,158.0,566.0,289.0,187.0,176.0,732.0,182.0,64.0,21.52,22.0,18.5,22.0,30.0,4.0,1324.83,978.0,979.54,82.0,9.69,15.49,15.49,56.22,56.32,55.18
STL,2023,STL,STL,Team Level,4on5,25,0.17,0.16,0.19,6569.0,24.75,2.75,1.15,3.43,0.7,7.41,16.55,2.75,2.75,2.75,24.0,8.0,2.0,34.0,6.0,0.0,0.0,1.0,0.0,5.0,20.0,18.0,26.0,2.0,4.0,61.0,16.0,17.0,9.0,20.0,8.0,4.0,0.55,1.02,1.18,1.0,2.0,3.0,34.0,32.0,32.0,8.0,0.27,0.0,0.0,3.01,3.01,3.01,103.45,13.58,9.37,22.51,3.36,59.03,32.15,12.7,13.58,12.7,93.0,47.0,36.0,176.0,14.0,14.0,2.0,8.0,0.0,65.0,39.0,79.0,126.0,4.0,8.0,66.0,4.0,5.0,15.0,93.0,28.0,19.0,2.02,3.23,8.33,2.0,1.0,11.0,176.0,140.0,140.0,2.0,2.44,3.2,3.2,12.83,12.83,12.3
STL,2023,STL,STL,Team Level,5on4,25,0.82,0.91,0.88,7391.0,102.24,9.25,9.23,23.03,3.52,62.64,33.33,8.69,9.25,8.69,99.0,42.0,64.0,205.0,7.0,7.0,0.0,4.0,0.0,80.0,43.0,92.0,134.0,2.0,4.0,76.0,4.0,7.0,15.0,115.0,15.0,11.0,2.94,1.8,4.51,2.0,0.0,5.0,205.0,141.0,141.0,0.0,2.45,0.91,0.91,10.79,10.79,10.26,14.47,2.02,0.84,2.25,0.49,4.63,8.79,2.02,2.02,2.02,15.0,4.0,2.0,21.0,2.0,0.0,0.0,0.0,0.0,1.0,16.0,13.0,17.0,3.0,6.0,46.0,18.0,19.0,8.0,12.0,3.0,4.0,0.35,0.51,1.16,0.0,0.0,2.0,21.0,19.0,19.0,8.0,0.19,0.0,0.0,2.21,2.21,2.21
CBJ,2023,CBJ,CBJ,Team Level,other,27,0.37,0.53,0.53,4041.0,58.72,7.72,4.53,12.18,2.13,35.07,20.36,7.31,7.72,7.31,55.0,27.0,42.0,124.0,10.0,6.0,1.0,5.0,2.0,34.0,25.0,45.0,72.0,0.0,0.0,44.0,5.0,7.0,3.0,55.0,18.0,9.0,1.94,2.07,3.71,3.0,2.0,5.0,124.0,82.0,82.0,0.0,1.32,0.74,0.74,8.31,8.31,7.96,53.93,12.92,3.83,9.17,1.85,29.23,17.0,11.75,12.92,11.75,48.0,26.0,37.0,111.0,15.0,6.0,3.0,4.0,0.0,31.0,18.0,33.0,59.0,0.0,0.0,49.0,16.0,8.0,5.0,35.0,22.0,17.0,1.41,2.7,8.81,2.0,4.0,9.0,111.0,74.0,74.0,4.0,1.06,2.09,2.09,11.89,11.89,10.95
CBJ,2023,CBJ,CBJ,Team Level,all,27,0.46,0.47,0.47,98203.0,863.3,77.09,58.72,210.77,29.72,477.03,341.67,73.88,77.2,74.01,807.0,388.0,498.0,1693.0,77.0,78.0,9.0,61.0,10.0,541.0,428.0,730.0,1118.0,95.0,198.0,716.0,396.0,178.0,149.0,908.0,208.0,79.0,26.83,25.46,24.8,26.0,32.0,19.0,1700.8,1195.0,1197.9,78.0,13.04,13.03,13.03,77.1,77.28,75.19,963.58,91.85,67.13,227.9,33.22,531.91,380.0,87.13,92.15,87.43,912.0,420.0,543.0,1875.0,91.0,111.0,15.0,54.0,7.0,574.0,495.0,821.0,1241.0,94.0,205.0,786.0,352.0,177.0,164.0,995.0,240.0,97.0,29.3,29.65,32.91,37.0,29.0,25.0,1871.66,1332.0,1331.99,80.0,14.8,21.93,21.98,84.67,85.01,82.19
CBJ,2023,CBJ,CBJ,Team Level,5on5,27,0.45,0.47,0.47,78030.0,660.01,53.02,43.01,167.6,22.72,357.37,267.28,51.27,53.12,51.4,616.0,295.0,376.0,1287.0,57.0,63.0,7.0,40.0,8.0,423.0,320.0,559.0,854.0,84.0,176.0,544.0,378.0,140.0,127.0,706.0,154.0,51.0,20.49,19.09,13.43,22.0,25.0,10.0,1294.8,911.0,913.9,72.0,8.9,10.08,10.2,51.72,51.9,50.96,747.01,63.68,49.13,183.83,25.65,408.06,302.66,60.91,63.97,61.21,709.0,324.0,435.0,1468.0,65.0,92.0,11.0,34.0,7.0,442.0,393.0,644.0,968.0,89.0,195.0,591.0,319.0,140.0,137.0,787.0,186.0,60.0,23.77,23.08,16.82,30.0,25.0,10.0,1464.66,1033.0,1032.99,64.0,10.16,16.99,17.03,56.81,57.15,55.78
CBJ,2023,CBJ,CBJ,Team Level,4on5,27,0.09,0.1,0.11,7783.0,16.94,1.21,0.81,2.7,0.57,5.96,12.75,1.21,1.21,1.21,19.0,5.0,6.0,30.0,0.0,1.0,0.0,2.0,0.0,5.0,16.0,19.0,24.0,5.0,10.0,56.0,11.0,26.0,4.0,21.0,1.0,2.0,0.52,0.1,0.59,0.0,0.0,0.0,30.0,24.0,24.0,4.0,0.18,0.12,0.0,1.39,1.39,1.39,138.66,12.34,12.66,31.1,4.88,86.64,45.38,11.63,12.34,11.63,128.0,65.0,70.0,263.0,9.0,12.0,1.0,15.0,0.0,93.0,64.0,119.0,184.0,4.0,8.0,77.0,2.0,4.0,13.0,152.0,27.0,14.0,3.56,3.24,5.53,4.0,0.0,5.0,263.0,193.0,193.0,5.0,3.22,2.58,2.58,12.97,12.97,12.49
CBJ,2023,CBJ,CBJ,Team Level,5on4,27,0.84,0.88,0.85,8349.0,127.63,15.14,10.36,28.29,4.3,78.62,41.29,14.09,15.14,14.09,117.0,61.0,74.0,252.0,10.0,8.0,1.0,14.0,0.0,79.0,67.0,107.0,168.0,6.0,12.0,72.0,2.0,5.0,15.0,126.0,35.0,17.0,3.88,4.2,7.07,1.0,5.0,4.0,252.0,178.0,178.0,2.0,2.63,2.09,2.09,15.68,15.68,14.88,23.97,2.92,1.51,3.8,0.83,7.98,14.96,2.84,2.92,2.84,27.0,5.0,1.0,33.0,2.0,1.0,0.0,1.0,0.0,8.0,20.0,25.0,30.0,1.0,2.0,69.0,15.0,25.0,9.0,21.0,5.0,6.0,0.56,0.62,1.74,1.0,0.0,1.0,33.0,32.0,32.0,7.0,0.35,0.27,0.27,3.0,3.0,2.97
ARI,2023,ARI,ARI,Team Level,other,24,0.48,0.46,0.48,3868.0,46.26,8.75,3.39,8.54,1.43,24.8,15.08,8.45,8.75,8.45,44.0,18.0,20.0,82.0,5.0,4.0,1.0,1.0,0.0,28.0,24.0,39.0,57.0,3.0,6.0,39.0,8.0,7.0,7.0,36.0,14.0,12.0,1.3,1.86,5.59,1.0,0.0,4.0,82.0,62.0,62.0,2.0,0.97,1.3,1.3,8.42,8.42,8.21,48.85,9.55,3.55,9.1,1.79,27.54,15.47,8.6,9.55,8.6,46.0,21.0,29.0,96.0,8.0,4.0,0.0,2.0,0.0,33.0,20.0,38.0,59.0,4.0,8.0,42.0,4.0,7.0,5.0,38.0,14.0,15.0,1.58,1.81,6.16,4.0,1.0,3.0,96.0,67.0,67.0,4.0,1.04,1.21,1.04,9.55,9.55,8.93
ARI,2023,ARI,ARI,Team Level,all,24,0.49,0.46,0.46,87528.0,686.83,72.24,50.03,161.11,23.66,375.5,263.46,69.05,72.83,69.63,653.0,293.0,333.0,1279.0,80.0,77.0,10.0,35.0,7.0,423.0,324.0,573.0,866.0,106.0,236.0,662.0,373.0,95.0,183.0,678.0,190.0,78.0,20.62,23.86,27.76,24.0,29.0,27.0,1297.92,946.0,955.98,99.0,11.26,15.84,15.93,67.57,68.13,66.51,797.21,75.01,54.46,193.53,27.62,438.84,318.54,71.41,74.8,71.22,767.0,341.0,418.0,1526.0,68.0,77.0,7.0,47.0,7.0,489.0,420.0,699.0,1040.0,105.0,234.0,718.0,478.0,155.0,167.0,835.0,197.0,76.0,23.45,24.24,27.32,29.0,18.0,21.0,1509.54,1108.0,1103.55,67.0,12.18,14.47,14.47,72.71,72.46,70.56
ARI,2023,ARI,ARI,Team Level,5on5,24,0.48,0.46,0.46,68337.0,513.32,45.18,35.22,127.13,17.96,279.17,205.35,43.43,45.77,44.0,487.0,223.0,264.0,974.0,52.0,63.0,8.0,28.0,5.0,322.0,240.0,435.0,658.0,93.0,207.0,505.0,338.0,75.0,153.0,536.0,131.0,43.0,15.83,16.5,12.85,21.0,21.0,10.0,992.92,710.0,719.98,88.0,7.32,12.19,12.46,40.04,40.6,39.86,602.89,49.63,39.03,154.06,20.93,325.91,247.44,47.68,49.42,47.48,566.0,271.0,321.0,1158.0,42.0,63.0,4.0,37.0,5.0,357.0,333.0,524.0,795.0,95.0,209.0,531.0,447.0,141.0,137.0,643.0,151.0,43.0,18.27,18.77,12.59,22.0,11.0,9.0,1141.54,837.0,832.55,57.0,8.1,11.5,11.5,46.22,45.97,45.3
ARI,2023,ARI,ARI,Team Level,4on5,24,0.09,0.09,0.09,7796.0,12.07,1.39,0.82,1.86,0.49,4.45,7.99,1.39,1.39,1.39,12.0,5.0,7.0,24.0,1.0,0.0,0.0,0.0,0.0,3.0,13.0,11.0,16.0,5.0,10.0,62.0,22.0,8.0,8.0,10.0,7.0,0.0,0.3,1.09,0.0,0.0,1.0,0.0,24.0,17.0,17.0,8.0,0.18,0.0,0.0,1.57,1.57,1.57,126.02,14.14,10.95,27.71,4.3,79.04,41.85,13.46,14.14,13.46,135.0,43.0,64.0,242.0,15.0,9.0,3.0,8.0,2.0,97.0,47.0,120.0,163.0,4.0,10.0,80.0,4.0,2.0,19.0,136.0,25.0,17.0,3.08,2.82,8.25,1.0,5.0,9.0,242.0,178.0,178.0,1.0,2.83,1.68,1.85,15.13,15.13,14.51
ARI,2023,ARI,ARI,Team Level,5on4,24,0.91,0.87,0.86,7527.0,115.18,16.91,10.61,23.58,3.78,67.07,35.05,15.79,16.91,15.79,110.0,47.0,42.0,199.0,22.0,10.0,1.0,6.0,2.0,70.0,47.0,88.0,135.0,5.0,13.0,56.0,5.0,5.0,15.0,96.0,38.0,23.0,3.18,4.41,9.32,2.0,7.0,13.0,199.0,157.0,157.0,1.0,2.79,2.35,2.17,17.54,17.54,16.87,19.45,1.69,0.94,2.65,0.6,6.34,13.78,1.67,1.69,1.67,20.0,6.0,4.0,30.0,3.0,1.0,0.0,0.0,0.0,2.0,20.0,17.0,23.0,2.0,7.0,65.0,23.0,5.0,6.0,18.0,7.0,1.0,0.52,0.84,0.32,2.0,1.0,0.0,30.0,26.0,26.0,5.0,0.21,0.08,0.08,1.82,1.82,1.82
